------------------TARIFA--------------------

INSERT INTO tarifa (nome,maxActividades,precioBase,precioExtra) VALUES ('Reducida',5,15.0,3.0);
INSERT INTO tarifa (nome,maxActividades,precioBase,precioExtra) VALUES ('Básica',10,20.0,3.0);
INSERT INTO tarifa (nome,maxActividades,precioBase,precioExtra) VALUES ('Premium',25,35.0,2.0);
INSERT INTO tarifa (nome,maxActividades,precioBase,precioExtra) VALUES ('VIP',30,45.0,1.0);

------------------USUARIO-------------------

insert into usuario values ('test0', '7dfd4e82b8d78c293304822f7ac7d887', '991202931', 'rgeyton0@cnn.com', 'ES1020304095447685743869', '2017-05-01', NULL);
insert into usuario values ('manuelPersoal', 'c1d2a08300b0e2a982d5d22953fa4100', '991202931', 'rgeyton0@cnn.com', 'ES1020304095447685743869', '2017-05-01', NULL);
insert into usuario values ('lucasPersoal', 'c1d2a08300b0e2a982d5d22953fa4100', '981101010', 'nsherborne1@flickr.com', 'ES1020304095447685743869', '2016-06-22', NULL);
insert into usuario values ('raulPersoal', 'c1d2a08300b0e2a982d5d22953fa4100', '981101010', 'egulland2@unblog.fr', 'ES1020304095447685743869', '2017-06-09', NULL);
insert into usuario values ('sergioPersoal', 'c1d2a08300b0e2a982d5d22953fa4100', '991202931', 'ctitt3@time.com', 'ES1020304095447685743869', '2017-03-28', NULL);
insert into usuario values ('estherPersoal', 'c1d2a08300b0e2a982d5d22953fa4100', '981881122', 'lredley4@diigo.com', 'ES1020304095447685743869', '2017-12-05', NULL);
insert into usuario values ('davidPersoal', 'c1d2a08300b0e2a982d5d22953fa4100', '991202931', 'rharbron5@meetup.com', 'ES1020304095447685743869', '2018-02-20', NULL);
insert into usuario values ('soniaPersoal', 'c1d2a08300b0e2a982d5d22953fa4100', '686858543', 'dbrushfield6@dailymail.co.uk', 'ES1020304095447685743869', '2019-08-21', NULL);
insert into usuario values ('sofiaPersoal', 'c1d2a08300b0e2a982d5d22953fa4100', '991202931', 'btelford7@wsj.com', 'ES1020304095447685743869', '2016-11-25', NULL);
insert into usuario values ('luciaPersoal', 'c1d2a08300b0e2a982d5d22953fa4100', '981881122', 'vperez8@si.edu', 'ES1020304095447685743869', '2018-05-12', NULL);
insert into usuario values ('juliaPersoal', 'c1d2a08300b0e2a982d5d22953fa4100', '981881122', 'pdoley9@wikimedia.org', 'ES1020304095447685743869', '2016-08-18', NULL);
insert into usuario values ('andreaPersoal', 'c1d2a08300b0e2a982d5d22953fa4100', '981881122', 'dstiffa@cafepress.com', 'ES1020304095447685743869', '2018-03-19', NULL);
insert into usuario values ('martaPersoal', 'c1d2a08300b0e2a982d5d22953fa4100', '991202931', 'thawkerb@businesswire.com', 'ES1020304095447685743869', '2017-06-20', NULL);
insert into usuario values ('raulSocio', 'c1d2a08300b0e2a982d5d22953fa4100', '981881122', 'lbernardinoc@wisc.edu', 'ES1020304095447685743869', '2018-10-26', NULL);
insert into usuario values ('mariaSocio', 'c1d2a08300b0e2a982d5d22953fa4100', '981881122', 'mroydond@netlog.com', 'ES1020304095447685743869', '2017-02-03', NULL);
insert into usuario values ('sergioSocio', 'c1d2a08300b0e2a982d5d22953fa4100', '686858543', 'esackese@globo.com', 'ES1020304095447685743869', '2019-06-13', NULL);
insert into usuario values ('danielSocio', 'c1d2a08300b0e2a982d5d22953fa4100', '686858543', 'bvillagef@nifty.com', 'ES1020304095447685743869', '2016-04-20', NULL);
insert into usuario values ('estherSocio', 'c1d2a08300b0e2a982d5d22953fa4100', '981881122', 'jeveralg@zimbio.com', 'ES1020304095447685743869', '2017-09-24', NULL);
insert into usuario values ('davidSocio', 'c1d2a08300b0e2a982d5d22953fa4100', '981101010', 'gwidmoorh@yellowbook.com', 'ES1020304095447685743869', '2019-01-08', NULL);
insert into usuario values ('soniaSocio', 'c1d2a08300b0e2a982d5d22953fa4100', '981101010', 'cciobutarui@tamu.edu', 'ES1020304095447685743869', '2017-12-01', NULL);
insert into usuario values ('sofiaSocio', 'c1d2a08300b0e2a982d5d22953fa4100', '981101010', 'jliebmannj@meetup.com', 'ES1020304095447685743869', '2017-03-28', NULL);
insert into usuario values ('miguelSocio', 'c1d2a08300b0e2a982d5d22953fa4100', '981101010', 'dsclaterk@cornell.edu', 'ES1020304095447685743869', '2017-01-22', NULL);
insert into usuario values ('nuriaSocio', 'c1d2a08300b0e2a982d5d22953fa4100', '686858543', 'wpauluccil@clickbank.net', 'ES1020304095447685743869', '2018-04-11', NULL);
insert into usuario values ('teresaSocio', 'c1d2a08300b0e2a982d5d22953fa4100', '686858543', 'cmathesonm@upenn.edu', 'ES1020304095447685743869', '2018-03-28', NULL);
insert into usuario values ('andreaSocio', 'c1d2a08300b0e2a982d5d22953fa4100', '981881122', 'gmcorkilln@tmall.com', 'ES1020304095447685743869', '2017-12-22', NULL);
insert into usuario values ('martaSocio', 'c1d2a08300b0e2a982d5d22953fa4100', '981101010', 'kneedhamo@bigcartel.com', 'ES1020304095447685743869', '2017-02-11', NULL);
insert into usuario values ('lauraSocio', 'c1d2a08300b0e2a982d5d22953fa4100', '991202931', 'acranfieldp@qq.com', 'ES1020304095447685743869', '2019-02-25', NULL);
insert into usuario values ('nataliaSocio', 'c1d2a08300b0e2a982d5d22953fa4100', '686858543', 'mrivalandq@wordpress.org', 'ES1020304095447685743869', '2017-07-04', NULL);
insert into usuario values ('pedroSocio', 'c1d2a08300b0e2a982d5d22953fa4100', '981881122', 'mduerdenr@seesaa.net', 'ES1020304095447685743869', '2016-06-07', NULL);

------------------PERSOAL-------------------

insert into persoal values ('test0','0781232322', true);
insert into persoal values ('manuelPersoal','0781232376', true);
insert into persoal values ('lucasPersoal','1389584194', false);		
insert into persoal values ('raulPersoal', '9436386877', false);	
insert into persoal values ('sergioPersoal', '6939424970', false);
insert into persoal values ('estherPersoal', '5691940562', false);	
insert into persoal values ('davidPersoal','4738385194', false);	
insert into persoal values ('soniaPersoal', '1440291500', true);	
insert into persoal values ('sofiaPersoal', '8761664235', true);	
insert into persoal values ('luciaPersoal','8139184829', true);		
insert into persoal values ('juliaPersoal', '9431052229', false);
insert into persoal values ('andreaPersoal','3496054654', false);
insert into persoal values ('martaPersoal', '5883060595', true);
		
------------------SOCIO-------------------

insert into socio values ('raulSocio', 1);
insert into socio values ('mariaSocio',2);	
insert into socio values ('sergioSocio', 3);
insert into socio values ('danielSocio', 4); 	
insert into socio values ('estherSocio', 1);
insert into socio values ('davidSocio', 2);
insert into socio values ('soniaSocio', 3);
insert into socio values ('sofiaSocio', 4);	
insert into socio values ('miguelSocio', 1); 
insert into socio values ('nuriaSocio', 2);
insert into socio values ('teresaSocio', 3);
insert into socio values ('andreaSocio', 4);
insert into socio values ('martaSocio', 1);
insert into socio values ('lauraSocio', 2);
insert into socio values ('nataliaSocio', 2);
insert into socio values ('pedroSocio', 3); 	

------------------PERSOAFISICA-------------------

insert into persoaFisica values ('12345678A', 'Test000', 'Lorem ipsum dolor sit amet', '1973-09-06', NULL, 'test0');
insert into persoaFisica values ('71648701A', 'Manuel Ruiz Ruiz', 'Lorem ipsum dolor sit amet', '1973-09-06', NULL, 'manuelPersoal');
insert into persoaFisica values ('67590394B', 'Lucas Fernández González', NULL, '1985-06-27', NULL, 'lucasPersoal');
insert into persoaFisica values ('33374031C', 'Raúl Rodríguez Sanchez', 'Lorem ipsum dolor sit amet', '1990-02-01', 'raulSocio', 'raulPersoal');
insert into persoaFisica values ('30653826D', 'María Ruiz García', 'Lorem ipsum dolor sit amet', '1961-03-28', 'mariaSocio', NULL);
insert into persoaFisica values ('88941563S', 'Sergio Díaz López', NULL, '1986-07-09', 'sergioSocio', 'sergioPersoal');
insert into persoaFisica values ('99929505W', 'Daniel García Rodríguez', NULL, '1982-12-12', 'danielSocio', NULL);
insert into persoaFisica values ('64860595E', 'Esther Fernández López', 'consectetur adipiscing elit. Vestibulum imperdiet scelerisque dolor', '1974-05-20', 'estherSocio', 'estherPersoal');
insert into persoaFisica values ('55285531R', 'David Sanchez García', 'Lorem ipsum dolor sit amet', '1962-10-11', 'davidSocio', 'davidPersoal');
insert into persoaFisica values ('71547427T', 'Sonia García González', 'Lorem ipsum dolor sit amet', '1966-02-09', 'soniaSocio', 'soniaPersoal');
insert into persoaFisica values ('71566089Y', 'Sofía Alonso González', 'consectetur adipiscing elit. Vestibulum imperdiet scelerisque dolor', '1953-12-11', 'sofiaSocio', 'sofiaPersoal');
insert into persoaFisica values ('23254518U', 'Miguel Ruiz Ruiz', 'consectetur adipiscing elit. Vestibulum imperdiet scelerisque dolor', '1994-02-13', 'miguelSocio', NULL);
insert into persoaFisica values ('73597734I', 'Lucía Rodríguez Alonso', 'consectetur adipiscing elit. Vestibulum imperdiet scelerisque dolor', '1999-03-28', NULL, 'luciaPersoal');
insert into persoaFisica values ('49970628O', 'Julia Alonso González', 'consectetur adipiscing elit. Vestibulum imperdiet scelerisque dolor', '1971-05-29', NULL, 'juliaPersoal');
insert into persoaFisica values ('21030638K', 'Nuria Alonso González', NULL, '1999-12-14', 'nuriaSocio', NULL);
insert into persoaFisica values ('18605104J', 'Teresa López García', 'Lorem ipsum dolor sit amet', '1964-07-16', 'teresaSocio', NULL);
insert into persoaFisica values ('67603033H', 'Andrea López Fernández', NULL, '1961-06-07', 'andreaSocio', 'andreaPersoal');
insert into persoaFisica values ('82612456G', 'Marta Alonso González', 'Lorem ipsum dolor sit amet', '1954-07-18', 'martaSocio', 'martaPersoal');
insert into persoaFisica values ('67635435F', 'Laura Díaz Ruiz', NULL, '2002-01-13', 'lauraSocio', NULL);
insert into persoaFisica values ('88909972D', 'Natalia Rodríguez Sanchez', NULL, '2000-06-25', 'nataliaSocio', NULL);
insert into persoaFisica values ('46191445S', 'Pedro Fernández Ruiz', NULL, '1975-12-31', 'pedroSocio', NULL);

------------------REXISTROFISIOLOXICO-------------------

insert into rexistroFisioloxico values ('raulSocio', '2019-10-27 20:25:38', 82.01, 182, 56.49, 131, 50, 28, NULL);
insert into rexistroFisioloxico values ('raulSocio', '2019-07-11 11:06:35', 82.58, 182, 14.56, 130, 68, 176, NULL);
insert into rexistroFisioloxico values ('raulSocio', '2019-07-16 19:44:31', 87.84, 182, 16.56, 121, 88, 84, 'Lorem ipsum dolor sit amet');
insert into rexistroFisioloxico values ('raulSocio', '2019-12-23 06:57:23', 81.29, 182, 59.42, 136, 56, 116, NULL);
insert into rexistroFisioloxico values ('raulSocio', '2019-12-14 13:11:31', 89.91, 182, 8.1, 135, 77, 147, 'Lorem ipsum dolor sit amet');
insert into rexistroFisioloxico values ('raulSocio', '2020-02-11 02:11:10', 85.49, 182, 72.25, 155, 73, 155, 'consectetur adipiscing elit. Vestibulum imperdiet scelerisque dolor');
insert into rexistroFisioloxico values ('raulSocio', '2020-01-09 07:57:22', 86.18, 182, 88.6, 107, 87, 232, 'consectetur adipiscing elit. Vestibulum imperdiet scelerisque dolor');
insert into rexistroFisioloxico values ('raulSocio', '2019-04-08 16:07:23', 82.19, 182, 58.88, 158, 57, 82, 'consectetur adipiscing elit. Vestibulum imperdiet scelerisque dolor');
insert into rexistroFisioloxico values ('raulSocio', '2020-01-17 13:06:55', 83.35, 182, 12.96, 104, 92, 131, 'consectetur adipiscing elit. Vestibulum imperdiet scelerisque dolor');
insert into rexistroFisioloxico values ('raulSocio', '2020-01-03 12:23:57', 84.28, 182, 31.79, 157, 52, 116, NULL);
insert into rexistroFisioloxico values ('raulSocio', '2019-07-30 12:11:04', 89.16, 182, 90.89, 102, 96, 91, 'Lorem ipsum dolor sit amet');
insert into rexistroFisioloxico values ('raulSocio', '2020-03-03 05:14:21', 82.71, 182, 44.32, 160, 89, 137, NULL);
insert into rexistroFisioloxico values ('raulSocio', '2019-06-02 11:47:22', 88.95, 182, 8.45, 122, 87, 164, 'consectetur adipiscing elit. Vestibulum imperdiet scelerisque dolor');
insert into rexistroFisioloxico values ('raulSocio', '2019-05-23 00:52:35', 86.39, 182, 54.13, 115, 89, 42, 'consectetur adipiscing elit. Vestibulum imperdiet scelerisque dolor');
insert into rexistroFisioloxico values ('raulSocio', '2019-05-26 23:13:09', 80.93, 182, 68.58, 141, 59, 105, 'Lorem ipsum dolor sit amet');
insert into rexistroFisioloxico values ('mariaSocio', '2019-09-15 23:04:49', 87.98, 182, 98.04, 150, 98, 225, NULL);
insert into rexistroFisioloxico values ('mariaSocio', '2019-10-10 00:17:11', 87.39, 182, 95.86, 158, 52, 155, 'consectetur adipiscing elit. Vestibulum imperdiet scelerisque dolor');
insert into rexistroFisioloxico values ('mariaSocio', '2019-08-07 23:24:52', 82.95, 182, 88.35, 101, 70, 39, 'Lorem ipsum dolor sit amet');
insert into rexistroFisioloxico values ('mariaSocio', '2019-04-13 14:06:23', 88.9, 182, 67.58, 101, 55, 58, 'consectetur adipiscing elit. Vestibulum imperdiet scelerisque dolor');
insert into rexistroFisioloxico values ('mariaSocio', '2019-07-04 17:08:54', 88.1, 182, 36.97, 105, 58, 49, NULL);
insert into rexistroFisioloxico values ('mariaSocio', '2019-06-27 15:35:27', 88.12, 182, 79.2, 159, 93, 64, NULL);
insert into rexistroFisioloxico values ('mariaSocio', '2019-12-24 04:30:42', 84.46, 182, 73.38, 105, 94, 155, 'consectetur adipiscing elit. Vestibulum imperdiet scelerisque dolor');
insert into rexistroFisioloxico values ('mariaSocio', '2020-01-26 01:34:20', 89.31, 182, 90.63, 100, 85, 230, NULL);
insert into rexistroFisioloxico values ('mariaSocio', '2020-02-28 11:55:00', 80.74, 182, 20.19, 119, 88, 88, 'consectetur adipiscing elit. Vestibulum imperdiet scelerisque dolor');
insert into rexistroFisioloxico values ('mariaSocio', '2019-10-22 04:05:57', 80.33, 182, 9.76, 110, 59, 81, 'consectetur adipiscing elit. Vestibulum imperdiet scelerisque dolor');
insert into rexistroFisioloxico values ('mariaSocio', '2019-08-12 22:40:27', 88.11, 182, 0.7, 124, 88, 102, 'Lorem ipsum dolor sit amet');
insert into rexistroFisioloxico values ('mariaSocio', '2019-05-06 07:28:09', 88.16, 182, 77.37, 121, 69, 228, 'Lorem ipsum dolor sit amet');
insert into rexistroFisioloxico values ('mariaSocio', '2019-05-09 16:54:43', 88.99, 182, 1.4, 130, 55, 177, 'Lorem ipsum dolor sit amet');
insert into rexistroFisioloxico values ('mariaSocio', '2019-08-30 04:36:20', 87.35, 182, 34.24, 105, 93, 173, 'Lorem ipsum dolor sit amet');
insert into rexistroFisioloxico values ('sergioSocio', '2019-12-11 05:57:21', 88.48, 182, 43.99, 156, 92, 142, 'consectetur adipiscing elit. Vestibulum imperdiet scelerisque dolor');
insert into rexistroFisioloxico values ('sergioSocio', '2019-11-26 16:18:54', 82.92, 182, 57.9, 141, 67, 226, 'Lorem ipsum dolor sit amet');
insert into rexistroFisioloxico values ('sergioSocio', '2019-05-30 13:27:07', 85.64, 182, 29.26, 152, 75, 116, 'consectetur adipiscing elit. Vestibulum imperdiet scelerisque dolor');
insert into rexistroFisioloxico values ('sergioSocio', '2019-09-23 00:32:30', 84.64, 182, 99.14, 150, 58, 186, 'Lorem ipsum dolor sit amet');
insert into rexistroFisioloxico values ('sergioSocio', '2019-08-14 02:32:12', 88.31, 182, 14.32, 146, 61, 164, 'consectetur adipiscing elit. Vestibulum imperdiet scelerisque dolor');
insert into rexistroFisioloxico values ('sergioSocio', '2019-11-13 06:32:09', 80.12, 182, 83.83, 107, 64, 141, 'consectetur adipiscing elit. Vestibulum imperdiet scelerisque dolor');
insert into rexistroFisioloxico values ('sergioSocio', '2019-10-08 22:58:39', 81.07, 182, 25.86, 140, 97, 177, 'consectetur adipiscing elit. Vestibulum imperdiet scelerisque dolor');
insert into rexistroFisioloxico values ('sergioSocio', '2019-12-24 19:44:23', 84.53, 182, 18.7, 158, 77, 108, 'Lorem ipsum dolor sit amet');
insert into rexistroFisioloxico values ('sergioSocio', '2019-12-12 18:43:15', 89.86, 182, 51.11, 130, 56, 198, NULL);
insert into rexistroFisioloxico values ('sergioSocio', '2019-10-15 18:58:47', 88.76, 182, 56.46, 142, 71, 135, NULL);
insert into rexistroFisioloxico values ('sergioSocio', '2020-02-02 01:49:48', 89.79, 182, 32.31, 156, 67, 118, NULL);
insert into rexistroFisioloxico values ('sergioSocio', '2019-09-17 01:29:44', 81.69, 182, 90.63, 132, 70, 186, 'Lorem ipsum dolor sit amet');
insert into rexistroFisioloxico values ('sergioSocio', '2019-10-06 04:31:42', 81.7, 182, 13.05, 144, 84, 196, 'consectetur adipiscing elit. Vestibulum imperdiet scelerisque dolor');
insert into rexistroFisioloxico values ('sergioSocio', '2019-11-10 10:25:40', 84.2, 182, 17.61, 115, 82, 216, 'consectetur adipiscing elit. Vestibulum imperdiet scelerisque dolor');
insert into rexistroFisioloxico values ('sergioSocio', '2019-10-30 09:43:32', 82.23, 182, 11.4, 152, 76, 80, NULL);
insert into rexistroFisioloxico values ('danielSocio', '2020-02-12 11:58:21', 85.8, 182, 78.73, 120, 88, 236, 'Lorem ipsum dolor sit amet');
insert into rexistroFisioloxico values ('danielSocio', '2019-10-05 23:33:20', 80.71, 182, 90.05, 133, 95, 57, NULL);
insert into rexistroFisioloxico values ('danielSocio', '2020-03-05 03:01:56', 85.75, 182, 69.97, 145, 75, 60, 'consectetur adipiscing elit. Vestibulum imperdiet scelerisque dolor');
insert into rexistroFisioloxico values ('danielSocio', '2019-05-03 05:25:04', 87.74, 182, 73.04, 120, 100, 125, 'consectetur adipiscing elit. Vestibulum imperdiet scelerisque dolor');
insert into rexistroFisioloxico values ('danielSocio', '2020-02-07 06:50:10', 82.57, 182, 70.69, 108, 62, 117, NULL);
insert into rexistroFisioloxico values ('danielSocio', '2019-12-02 17:51:50', 88.31, 182, 44.93, 149, 58, 158, NULL);
insert into rexistroFisioloxico values ('danielSocio', '2019-06-13 05:39:50', 88.83, 182, 19.73, 116, 89, 124, NULL);
insert into rexistroFisioloxico values ('danielSocio', '2019-09-11 03:59:03', 87.65, 182, 2.59, 156, 100, 114, 'consectetur adipiscing elit. Vestibulum imperdiet scelerisque dolor');
insert into rexistroFisioloxico values ('danielSocio', '2019-04-21 17:56:04', 80.53, 182, 46.72, 116, 78, 195, NULL);
insert into rexistroFisioloxico values ('danielSocio', '2020-01-09 19:53:04', 81.05, 182, 10.14, 130, 82, 35, 'consectetur adipiscing elit. Vestibulum imperdiet scelerisque dolor');
insert into rexistroFisioloxico values ('danielSocio', '2019-06-07 12:55:10', 80.79, 182, 93.86, 160, 61, 57, 'consectetur adipiscing elit. Vestibulum imperdiet scelerisque dolor');
insert into rexistroFisioloxico values ('danielSocio', '2019-04-25 14:26:08', 82.12, 182, 73.38, 125, 73, 21, 'consectetur adipiscing elit. Vestibulum imperdiet scelerisque dolor');
insert into rexistroFisioloxico values ('danielSocio', '2019-12-30 13:08:38', 81.34, 182, 37.05, 148, 82, 74, 'Lorem ipsum dolor sit amet');
insert into rexistroFisioloxico values ('sofiaSocio', '2019-07-12 14:25:57', 82.69, 182, 59.88, 108, 100, 121, 'Lorem ipsum dolor sit amet');
insert into rexistroFisioloxico values ('sofiaSocio', '2020-02-18 01:35:24', 87.35, 182, 11.84, 142, 99, 75, 'Lorem ipsum dolor sit amet');
insert into rexistroFisioloxico values ('sofiaSocio', '2020-03-17 22:29:22', 83.1, 182, 46.53, 109, 92, 157, 'consectetur adipiscing elit. Vestibulum imperdiet scelerisque dolor');
insert into rexistroFisioloxico values ('sofiaSocio', '2020-01-06 16:28:55', 87.12, 182, 12.57, 118, 74, 122, 'consectetur adipiscing elit. Vestibulum imperdiet scelerisque dolor');
insert into rexistroFisioloxico values ('sofiaSocio', '2020-02-29 01:41:52', 85.68, 182, 52.79, 116, 93, 157, 'Lorem ipsum dolor sit amet');
insert into rexistroFisioloxico values ('sofiaSocio', '2020-01-20 11:14:39', 88.84, 182, 39.36, 101, 57, 20, 'consectetur adipiscing elit. Vestibulum imperdiet scelerisque dolor');
insert into rexistroFisioloxico values ('sofiaSocio', '2019-09-10 07:15:16', 86.0, 182, 41.9, 157, 94, 230, 'Lorem ipsum dolor sit amet');
insert into rexistroFisioloxico values ('sofiaSocio', '2019-11-15 16:11:49', 84.74, 182, 79.63, 159, 98, 234, NULL);
insert into rexistroFisioloxico values ('sofiaSocio', '2020-01-27 10:51:46', 80.31, 182, 54.78, 104, 95, 23, 'Lorem ipsum dolor sit amet');
insert into rexistroFisioloxico values ('sofiaSocio', '2019-05-09 21:57:54', 84.77, 182, 89.04, 125, 64, 228, 'Lorem ipsum dolor sit amet');
insert into rexistroFisioloxico values ('sofiaSocio', '2019-04-19 16:10:24', 83.41, 182, 5.58, 136, 96, 25, NULL);
insert into rexistroFisioloxico values ('sofiaSocio', '2020-03-14 15:37:29', 85.05, 182, 25.52, 122, 74, 101, 'Lorem ipsum dolor sit amet');
insert into rexistroFisioloxico values ('sofiaSocio', '2019-04-27 09:33:24', 85.64, 182, 70.0, 109, 80, 65, NULL);
insert into rexistroFisioloxico values ('sofiaSocio', '2019-11-26 18:14:46', 88.72, 182, 59.85, 116, 94, 194, 'consectetur adipiscing elit. Vestibulum imperdiet scelerisque dolor');
insert into rexistroFisioloxico values ('sofiaSocio', '2019-12-13 05:21:16', 83.22, 182, 49.6, 116, 65, 242, 'consectetur adipiscing elit. Vestibulum imperdiet scelerisque dolor');
insert into rexistroFisioloxico values ('sofiaSocio', '2019-07-23 12:05:33', 80.16, 182, 86.3, 123, 79, 184, NULL);
insert into rexistroFisioloxico values ('sofiaSocio', '2019-04-19 05:16:05', 81.45, 182, 11.0, 135, 80, 208, 'Lorem ipsum dolor sit amet');
insert into rexistroFisioloxico values ('sofiaSocio', '2020-02-05 22:55:27', 80.71, 182, 68.7, 120, 53, 155, 'Lorem ipsum dolor sit amet');
insert into rexistroFisioloxico values ('sofiaSocio', '2019-07-07 08:48:12', 86.43, 182, 31.53, 152, 97, 121, 'Lorem ipsum dolor sit amet');
insert into rexistroFisioloxico values ('sofiaSocio', '2019-11-26 16:12:18', 83.63, 182, 77.48, 110, 93, 21, NULL);
insert into rexistroFisioloxico values ('andreaSocio', '2019-06-22 12:30:28', 84.21, 182, 60.02, 117, 90, 78, 'consectetur adipiscing elit. Vestibulum imperdiet scelerisque dolor');
insert into rexistroFisioloxico values ('andreaSocio', '2019-06-12 18:30:17', 85.21, 182, 88.9, 141, 81, 62, 'Lorem ipsum dolor sit amet');
insert into rexistroFisioloxico values ('andreaSocio', '2020-03-03 07:40:18', 86.99, 182, 27.94, 123, 62, 66, NULL);
insert into rexistroFisioloxico values ('andreaSocio', '2019-06-07 22:43:19', 86.18, 182, 39.94, 128, 64, 189, 'Lorem ipsum dolor sit amet');
insert into rexistroFisioloxico values ('andreaSocio', '2019-10-22 07:06:12', 85.42, 182, 97.71, 158, 82, 82, 'Lorem ipsum dolor sit amet');
insert into rexistroFisioloxico values ('andreaSocio', '2020-03-06 05:31:44', 85.79, 182, 21.16, 107, 88, 105, 'Lorem ipsum dolor sit amet');
insert into rexistroFisioloxico values ('andreaSocio', '2019-06-23 10:30:35', 85.05, 182, 43.67, 135, 60, 25, 'consectetur adipiscing elit. Vestibulum imperdiet scelerisque dolor');
insert into rexistroFisioloxico values ('andreaSocio', '2020-03-06 14:32:09', 80.65, 182, 45.11, 142, 99, 98, NULL);
insert into rexistroFisioloxico values ('andreaSocio', '2019-08-19 20:13:46', 89.26, 182, 87.72, 107, 93, 129, 'consectetur adipiscing elit. Vestibulum imperdiet scelerisque dolor');
insert into rexistroFisioloxico values ('andreaSocio', '2020-01-10 11:50:57', 84.3, 182, 92.78, 120, 96, 213, NULL);
insert into rexistroFisioloxico values ('andreaSocio', '2020-01-07 17:10:32', 83.75, 182, 60.68, 100, 73, 35, NULL);
insert into rexistroFisioloxico values ('andreaSocio', '2019-10-07 18:55:00', 86.93, 182, 99.8, 147, 61, 159, NULL);
insert into rexistroFisioloxico values ('andreaSocio', '2019-09-03 07:07:21', 86.2, 182, 15.12, 109, 74, 45, 'Lorem ipsum dolor sit amet');
insert into rexistroFisioloxico values ('andreaSocio', '2019-08-28 05:52:32', 89.4, 182, 47.66, 129, 100, 249, 'consectetur adipiscing elit. Vestibulum imperdiet scelerisque dolor');
insert into rexistroFisioloxico values ('andreaSocio', '2019-05-11 08:25:40', 88.91, 182, 44.24, 148, 75, 248, NULL);
insert into rexistroFisioloxico values ('andreaSocio', '2019-04-23 00:10:39', 80.56, 182, 38.49, 119, 71, 72, 'Lorem ipsum dolor sit amet');
insert into rexistroFisioloxico values ('andreaSocio', '2019-06-17 07:40:45', 87.99, 182, 18.73, 115, 75, 114, 'Lorem ipsum dolor sit amet');
insert into rexistroFisioloxico values ('andreaSocio', '2019-08-28 11:30:05', 86.99, 182, 64.05, 112, 87, 166, 'consectetur adipiscing elit. Vestibulum imperdiet scelerisque dolor');
insert into rexistroFisioloxico values ('andreaSocio', '2020-04-01 05:58:17', 80.34, 182, 22.98, 115, 93, 209, 'Lorem ipsum dolor sit amet');
insert into rexistroFisioloxico values ('andreaSocio', '2019-06-13 17:32:02', 85.98, 182, 79.72, 138, 63, 210, 'consectetur adipiscing elit. Vestibulum imperdiet scelerisque dolor');
insert into rexistroFisioloxico values ('andreaSocio', '2020-01-25 04:00:19', 87.59, 182, 74.06, 107, 88, 210, 'consectetur adipiscing elit. Vestibulum imperdiet scelerisque dolor');
insert into rexistroFisioloxico values ('andreaSocio', '2019-06-29 05:23:29', 80.42, 182, 83.02, 140, 80, 116, NULL);
insert into rexistroFisioloxico values ('andreaSocio', '2019-12-04 02:27:37', 84.61, 182, 96.04, 151, 52, 23, NULL);
insert into rexistroFisioloxico values ('andreaSocio', '2019-11-02 14:30:44', 85.83, 182, 71.86, 103, 61, 197, 'Lorem ipsum dolor sit amet');
insert into rexistroFisioloxico values ('andreaSocio', '2019-10-19 16:15:15', 83.94, 182, 63.96, 133, 89, 81, 'Lorem ipsum dolor sit amet');
insert into rexistroFisioloxico values ('andreaSocio', '2019-05-02 03:32:52', 82.63, 182, 62.87, 112, 72, 24, 'consectetur adipiscing elit. Vestibulum imperdiet scelerisque dolor');
insert into rexistroFisioloxico values ('andreaSocio', '2019-05-21 03:28:12', 87.54, 182, 86.99, 123, 91, 200, NULL);
insert into rexistroFisioloxico values ('andreaSocio', '2020-03-07 18:12:05', 82.32, 182, 84.27, 127, 65, 41, NULL);

------------------MENSAXES-------------------

insert into enviarMensaxe values ('andreaSocio', 'andreaPersoal', '2020-02-21 21:12:26', 'Lorem ipsum dolor sit amet  consectetur adipiscing elit. Vestibulum imperdiet scelerisque dolor. Vivamus mattis viverra enim  vitae vestibulum velit. In hac habitasse platea dictumst. Nulla a lobortis ante. Lorem ipsum dolor sit amet  consectetur adipiscing elit. In pretium hendrerit velit id elementum. Suspendisse potenti. Aenean fermentum cursus tincidunt. Curabitur accumsan leo ac turpis pretium fringilla. Morbi blandit vulputate dui et faucibus.', true);
insert into enviarMensaxe values ('nataliaSocio', 'andreaPersoal', '2020-03-20 01:15:59', 'Lorem ipsum dolor sit amet  consectetur adipiscing elit. Vestibulum imperdiet scelerisque dolor. Vivamus mattis viverra enim  vitae vestibulum velit. In hac habitasse platea dictumst. Nulla a lobortis ante. Lorem ipsum dolor sit amet  consectetur adipiscing elit. In pretium hendrerit velit id elementum. Suspendisse potenti. Aenean fermentum cursus tincidunt. Curabitur accumsan leo ac turpis pretium fringilla. Morbi blandit vulputate dui et faucibus.', true);
insert into enviarMensaxe values ('lucasPersoal', 'martaPersoal', '2020-02-13 20:10:58', 'Lorem ipsum dolor sit amet  consectetur adipiscing elit. Vestibulum imperdiet scelerisque dolor. Vivamus mattis viverra enim  vitae vestibulum velit. In hac habitasse platea dictumst. Nulla a lobortis ante. Lorem ipsum dolor sit amet  consectetur adipiscing elit. In pretium hendrerit velit id elementum. Suspendisse potenti. Aenean fermentum cursus tincidunt. Curabitur accumsan leo ac turpis pretium fringilla. Morbi blandit vulputate dui et faucibus.', true);
insert into enviarMensaxe values ('sofiaSocio', 'manuelPersoal', '2020-01-16 06:57:42', 'Lorem ipsum dolor sit amet  consectetur adipiscing elit. Vestibulum imperdiet scelerisque dolor. Vivamus mattis viverra enim  vitae vestibulum velit. In hac habitasse platea dictumst. Nulla a lobortis ante. Lorem ipsum dolor sit amet  consectetur adipiscing elit. In pretium hendrerit velit id elementum. Suspendisse potenti. Aenean fermentum cursus tincidunt. Curabitur accumsan leo ac turpis pretium fringilla. Morbi blandit vulputate dui et faucibus.', false);
insert into enviarMensaxe values ('sofiaSocio', 'teresaSocio', '2020-02-03 13:00:32', 'Lorem ipsum dolor sit amet  consectetur adipiscing elit. Vestibulum imperdiet scelerisque dolor. Vivamus mattis viverra enim  vitae vestibulum velit. In hac habitasse platea dictumst. Nulla a lobortis ante. Lorem ipsum dolor sit amet  consectetur adipiscing elit. In pretium hendrerit velit id elementum. Suspendisse potenti. Aenean fermentum cursus tincidunt. Curabitur accumsan leo ac turpis pretium fringilla. Morbi blandit vulputate dui et faucibus.', false);
insert into enviarMensaxe values ('sergioPersoal', 'mariaSocio', '2020-02-03 20:25:12', 'Lorem ipsum dolor sit amet  consectetur adipiscing elit. Vestibulum imperdiet scelerisque dolor. Vivamus mattis viverra enim  vitae vestibulum velit. In hac habitasse platea dictumst. Nulla a lobortis ante. Lorem ipsum dolor sit amet  consectetur adipiscing elit. In pretium hendrerit velit id elementum. Suspendisse potenti. Aenean fermentum cursus tincidunt. Curabitur accumsan leo ac turpis pretium fringilla. Morbi blandit vulputate dui et faucibus.', false);
insert into enviarMensaxe values ('sergioSocio', 'martaSocio', '2020-01-14 21:58:17', 'Lorem ipsum dolor sit amet  consectetur adipiscing elit. Vestibulum imperdiet scelerisque dolor. Vivamus mattis viverra enim  vitae vestibulum velit. In hac habitasse platea dictumst. Nulla a lobortis ante. Lorem ipsum dolor sit amet  consectetur adipiscing elit. In pretium hendrerit velit id elementum. Suspendisse potenti. Aenean fermentum cursus tincidunt. Curabitur accumsan leo ac turpis pretium fringilla. Morbi blandit vulputate dui et faucibus.', false);
insert into enviarMensaxe values ('andreaPersoal', 'davidPersoal', '2020-03-20 16:06:26', 'Lorem ipsum dolor sit amet  consectetur adipiscing elit. Vestibulum imperdiet scelerisque dolor. Vivamus mattis viverra enim  vitae vestibulum velit. In hac habitasse platea dictumst. Nulla a lobortis ante. Lorem ipsum dolor sit amet  consectetur adipiscing elit. In pretium hendrerit velit id elementum. Suspendisse potenti. Aenean fermentum cursus tincidunt. Curabitur accumsan leo ac turpis pretium fringilla. Morbi blandit vulputate dui et faucibus.', true);
insert into enviarMensaxe values ('luciaPersoal', 'andreaSocio', '2020-03-14 16:08:07', 'Lorem ipsum dolor sit amet  consectetur adipiscing elit. Vestibulum imperdiet scelerisque dolor. Vivamus mattis viverra enim  vitae vestibulum velit. In hac habitasse platea dictumst. Nulla a lobortis ante. Lorem ipsum dolor sit amet  consectetur adipiscing elit. In pretium hendrerit velit id elementum. Suspendisse potenti. Aenean fermentum cursus tincidunt. Curabitur accumsan leo ac turpis pretium fringilla. Morbi blandit vulputate dui et faucibus.', false);
insert into enviarMensaxe values ('soniaPersoal', 'lauraSocio', '2020-02-04 15:53:43', 'Lorem ipsum dolor sit amet  consectetur adipiscing elit. Vestibulum imperdiet scelerisque dolor. Vivamus mattis viverra enim  vitae vestibulum velit. In hac habitasse platea dictumst. Nulla a lobortis ante. Lorem ipsum dolor sit amet  consectetur adipiscing elit. In pretium hendrerit velit id elementum. Suspendisse potenti. Aenean fermentum cursus tincidunt. Curabitur accumsan leo ac turpis pretium fringilla. Morbi blandit vulputate dui et faucibus.', false);
insert into enviarMensaxe values ('luciaPersoal', 'martaPersoal', '2020-02-20 06:55:00', 'Lorem ipsum dolor sit amet  consectetur adipiscing elit. Vestibulum imperdiet scelerisque dolor. Vivamus mattis viverra enim  vitae vestibulum velit. In hac habitasse platea dictumst. Nulla a lobortis ante. Lorem ipsum dolor sit amet  consectetur adipiscing elit. In pretium hendrerit velit id elementum. Suspendisse potenti. Aenean fermentum cursus tincidunt. Curabitur accumsan leo ac turpis pretium fringilla. Morbi blandit vulputate dui et faucibus.', true);
insert into enviarMensaxe values ('sofiaPersoal', 'juliaPersoal', '2020-03-05 20:08:38', 'Lorem ipsum dolor sit amet  consectetur adipiscing elit. Vestibulum imperdiet scelerisque dolor. Vivamus mattis viverra enim  vitae vestibulum velit. In hac habitasse platea dictumst. Nulla a lobortis ante. Lorem ipsum dolor sit amet  consectetur adipiscing elit. In pretium hendrerit velit id elementum. Suspendisse potenti. Aenean fermentum cursus tincidunt. Curabitur accumsan leo ac turpis pretium fringilla. Morbi blandit vulputate dui et faucibus.', true);
insert into enviarMensaxe values ('luciaPersoal', 'nuriaSocio', '2020-01-29 03:07:48', 'Lorem ipsum dolor sit amet  consectetur adipiscing elit. Vestibulum imperdiet scelerisque dolor. Vivamus mattis viverra enim  vitae vestibulum velit. In hac habitasse platea dictumst. Nulla a lobortis ante. Lorem ipsum dolor sit amet  consectetur adipiscing elit. In pretium hendrerit velit id elementum. Suspendisse potenti. Aenean fermentum cursus tincidunt. Curabitur accumsan leo ac turpis pretium fringilla. Morbi blandit vulputate dui et faucibus.', false);
insert into enviarMensaxe values ('raulSocio', 'lauraSocio', '2020-01-31 05:44:56', 'Lorem ipsum dolor sit amet  consectetur adipiscing elit. Vestibulum imperdiet scelerisque dolor. Vivamus mattis viverra enim  vitae vestibulum velit. In hac habitasse platea dictumst. Nulla a lobortis ante. Lorem ipsum dolor sit amet  consectetur adipiscing elit. In pretium hendrerit velit id elementum. Suspendisse potenti. Aenean fermentum cursus tincidunt. Curabitur accumsan leo ac turpis pretium fringilla. Morbi blandit vulputate dui et faucibus.', false);
insert into enviarMensaxe values ('estherPersoal', 'pedroSocio', '2020-01-11 23:51:36', 'Lorem ipsum dolor sit amet  consectetur adipiscing elit. Vestibulum imperdiet scelerisque dolor. Vivamus mattis viverra enim  vitae vestibulum velit. In hac habitasse platea dictumst. Nulla a lobortis ante. Lorem ipsum dolor sit amet  consectetur adipiscing elit. In pretium hendrerit velit id elementum. Suspendisse potenti. Aenean fermentum cursus tincidunt. Curabitur accumsan leo ac turpis pretium fringilla. Morbi blandit vulputate dui et faucibus.', true);
insert into enviarMensaxe values ('martaPersoal', 'pedroSocio', '2020-04-01 05:38:47', 'Lorem ipsum dolor sit amet  consectetur adipiscing elit. Vestibulum imperdiet scelerisque dolor. Vivamus mattis viverra enim  vitae vestibulum velit. In hac habitasse platea dictumst. Nulla a lobortis ante. Lorem ipsum dolor sit amet  consectetur adipiscing elit. In pretium hendrerit velit id elementum. Suspendisse potenti. Aenean fermentum cursus tincidunt. Curabitur accumsan leo ac turpis pretium fringilla. Morbi blandit vulputate dui et faucibus.', true);
insert into enviarMensaxe values ('pedroSocio', 'sergioPersoal', '2020-02-03 18:36:32', 'Lorem ipsum dolor sit amet  consectetur adipiscing elit. Vestibulum imperdiet scelerisque dolor. Vivamus mattis viverra enim  vitae vestibulum velit. In hac habitasse platea dictumst. Nulla a lobortis ante. Lorem ipsum dolor sit amet  consectetur adipiscing elit. In pretium hendrerit velit id elementum. Suspendisse potenti. Aenean fermentum cursus tincidunt. Curabitur accumsan leo ac turpis pretium fringilla. Morbi blandit vulputate dui et faucibus.', true);
insert into enviarMensaxe values ('sergioSocio', 'sofiaPersoal', '2020-01-29 19:01:26', 'Lorem ipsum dolor sit amet  consectetur adipiscing elit. Vestibulum imperdiet scelerisque dolor. Vivamus mattis viverra enim  vitae vestibulum velit. In hac habitasse platea dictumst. Nulla a lobortis ante. Lorem ipsum dolor sit amet  consectetur adipiscing elit. In pretium hendrerit velit id elementum. Suspendisse potenti. Aenean fermentum cursus tincidunt. Curabitur accumsan leo ac turpis pretium fringilla. Morbi blandit vulputate dui et faucibus.', true);
insert into enviarMensaxe values ('soniaPersoal', 'raulSocio', '2020-01-19 21:08:44', 'Lorem ipsum dolor sit amet  consectetur adipiscing elit. Vestibulum imperdiet scelerisque dolor. Vivamus mattis viverra enim  vitae vestibulum velit. In hac habitasse platea dictumst. Nulla a lobortis ante. Lorem ipsum dolor sit amet  consectetur adipiscing elit. In pretium hendrerit velit id elementum. Suspendisse potenti. Aenean fermentum cursus tincidunt. Curabitur accumsan leo ac turpis pretium fringilla. Morbi blandit vulputate dui et faucibus.', true);
insert into enviarMensaxe values ('sergioSocio', 'sofiaSocio', '2020-02-22 04:29:19', 'Lorem ipsum dolor sit amet  consectetur adipiscing elit. Vestibulum imperdiet scelerisque dolor. Vivamus mattis viverra enim  vitae vestibulum velit. In hac habitasse platea dictumst. Nulla a lobortis ante. Lorem ipsum dolor sit amet  consectetur adipiscing elit. In pretium hendrerit velit id elementum. Suspendisse potenti. Aenean fermentum cursus tincidunt. Curabitur accumsan leo ac turpis pretium fringilla. Morbi blandit vulputate dui et faucibus.', true);
insert into enviarMensaxe values ('pedroSocio', 'nataliaSocio', '2020-01-28 22:44:49', 'Lorem ipsum dolor sit amet  consectetur adipiscing elit. Vestibulum imperdiet scelerisque dolor. Vivamus mattis viverra enim  vitae vestibulum velit. In hac habitasse platea dictumst. Nulla a lobortis ante. Lorem ipsum dolor sit amet  consectetur adipiscing elit. In pretium hendrerit velit id elementum. Suspendisse potenti. Aenean fermentum cursus tincidunt. Curabitur accumsan leo ac turpis pretium fringilla. Morbi blandit vulputate dui et faucibus.', false);
insert into enviarMensaxe values ('pedroSocio', 'juliaPersoal', '2020-01-17 01:21:19', 'Lorem ipsum dolor sit amet  consectetur adipiscing elit. Vestibulum imperdiet scelerisque dolor. Vivamus mattis viverra enim  vitae vestibulum velit. In hac habitasse platea dictumst. Nulla a lobortis ante. Lorem ipsum dolor sit amet  consectetur adipiscing elit. In pretium hendrerit velit id elementum. Suspendisse potenti. Aenean fermentum cursus tincidunt. Curabitur accumsan leo ac turpis pretium fringilla. Morbi blandit vulputate dui et faucibus.', false);
insert into enviarMensaxe values ('pedroSocio', 'lauraSocio', '2020-03-26 07:36:32', 'Lorem ipsum dolor sit amet  consectetur adipiscing elit. Vestibulum imperdiet scelerisque dolor. Vivamus mattis viverra enim  vitae vestibulum velit. In hac habitasse platea dictumst. Nulla a lobortis ante. Lorem ipsum dolor sit amet  consectetur adipiscing elit. In pretium hendrerit velit id elementum. Suspendisse potenti. Aenean fermentum cursus tincidunt. Curabitur accumsan leo ac turpis pretium fringilla. Morbi blandit vulputate dui et faucibus.', false);
insert into enviarMensaxe values ('juliaPersoal', 'luciaPersoal', '2020-02-10 05:41:25', 'Lorem ipsum dolor sit amet  consectetur adipiscing elit. Vestibulum imperdiet scelerisque dolor. Vivamus mattis viverra enim  vitae vestibulum velit. In hac habitasse platea dictumst. Nulla a lobortis ante. Lorem ipsum dolor sit amet  consectetur adipiscing elit. In pretium hendrerit velit id elementum. Suspendisse potenti. Aenean fermentum cursus tincidunt. Curabitur accumsan leo ac turpis pretium fringilla. Morbi blandit vulputate dui et faucibus.', false);
insert into enviarMensaxe values ('lauraSocio', 'davidPersoal', '2020-03-17 18:52:09', 'Lorem ipsum dolor sit amet  consectetur adipiscing elit. Vestibulum imperdiet scelerisque dolor. Vivamus mattis viverra enim  vitae vestibulum velit. In hac habitasse platea dictumst. Nulla a lobortis ante. Lorem ipsum dolor sit amet  consectetur adipiscing elit. In pretium hendrerit velit id elementum. Suspendisse potenti. Aenean fermentum cursus tincidunt. Curabitur accumsan leo ac turpis pretium fringilla. Morbi blandit vulputate dui et faucibus.', true);
insert into enviarMensaxe values ('lucasPersoal', 'teresaSocio', '2020-01-25 02:32:50', 'Lorem ipsum dolor sit amet  consectetur adipiscing elit. Vestibulum imperdiet scelerisque dolor. Vivamus mattis viverra enim  vitae vestibulum velit. In hac habitasse platea dictumst. Nulla a lobortis ante. Lorem ipsum dolor sit amet  consectetur adipiscing elit. In pretium hendrerit velit id elementum. Suspendisse potenti. Aenean fermentum cursus tincidunt. Curabitur accumsan leo ac turpis pretium fringilla. Morbi blandit vulputate dui et faucibus.', true);
insert into enviarMensaxe values ('estherSocio', 'estherPersoal', '2020-03-18 01:07:47', 'Lorem ipsum dolor sit amet  consectetur adipiscing elit. Vestibulum imperdiet scelerisque dolor. Vivamus mattis viverra enim  vitae vestibulum velit. In hac habitasse platea dictumst. Nulla a lobortis ante. Lorem ipsum dolor sit amet  consectetur adipiscing elit. In pretium hendrerit velit id elementum. Suspendisse potenti. Aenean fermentum cursus tincidunt. Curabitur accumsan leo ac turpis pretium fringilla. Morbi blandit vulputate dui et faucibus.', true);
insert into enviarMensaxe values ('mariaSocio', 'lucasPersoal', '2020-02-18 07:11:17', 'Lorem ipsum dolor sit amet  consectetur adipiscing elit. Vestibulum imperdiet scelerisque dolor. Vivamus mattis viverra enim  vitae vestibulum velit. In hac habitasse platea dictumst. Nulla a lobortis ante. Lorem ipsum dolor sit amet  consectetur adipiscing elit. In pretium hendrerit velit id elementum. Suspendisse potenti. Aenean fermentum cursus tincidunt. Curabitur accumsan leo ac turpis pretium fringilla. Morbi blandit vulputate dui et faucibus.', false);
insert into enviarMensaxe values ('mariaSocio', 'andreaPersoal', '2020-03-13 20:15:05', 'Lorem ipsum dolor sit amet  consectetur adipiscing elit. Vestibulum imperdiet scelerisque dolor. Vivamus mattis viverra enim  vitae vestibulum velit. In hac habitasse platea dictumst. Nulla a lobortis ante. Lorem ipsum dolor sit amet  consectetur adipiscing elit. In pretium hendrerit velit id elementum. Suspendisse potenti. Aenean fermentum cursus tincidunt. Curabitur accumsan leo ac turpis pretium fringilla. Morbi blandit vulputate dui et faucibus.', true);
insert into enviarMensaxe values ('lucasPersoal', 'sergioPersoal', '2020-01-24 15:03:44', 'Lorem ipsum dolor sit amet  consectetur adipiscing elit. Vestibulum imperdiet scelerisque dolor. Vivamus mattis viverra enim  vitae vestibulum velit. In hac habitasse platea dictumst. Nulla a lobortis ante. Lorem ipsum dolor sit amet  consectetur adipiscing elit. In pretium hendrerit velit id elementum. Suspendisse potenti. Aenean fermentum cursus tincidunt. Curabitur accumsan leo ac turpis pretium fringilla. Morbi blandit vulputate dui et faucibus.', false);

------------------INSTALACIÓNS-------------------
insert into instalacion (nome, numtelefono, direccion) values ('Polideportivo da Cañota', '982455732', 'Lugar da Cañota, 22');
insert into instalacion (nome, numtelefono, direccion) values ('Estadio Central', '924566633', 'Rúa Baixa, Lugar de Montes');
insert into instalacion (nome, numtelefono, direccion) values ('Multiusos Pontes do Mar', '992423465', 'Calle Lorenzo, Vilaxoan');
insert into instalacion (nome, numtelefono, direccion) values ('Pistas de Tenis de Louro', '635234888', 'Lugar de Ventos, 35');
insert into instalacion (nome, numtelefono, direccion) values ('Piscinas Nadamoito', '984566943', 'Rúa Alta, Lugar de Prados');

------------------MENSAXES-------------------
insert into area (instalacion, nome, descricion, aforomaximo, databaixa) values (1, 'Pista de Atletismo DC', 'Para os máis corredores', 50, '2018-12-12');
insert into area (instalacion, nome, descricion, aforomaximo) values (1, 'Cancha do Básquet Cañota CAB', 'A cancha do mellor equipo que houbo en toda Cañota', 30);
insert into area (instalacion, nome, descricion, aforomaximo) values (1, 'Pistas de Pádel', 'Pistas de Pádel recén construídas.', 15);
insert into area (instalacion, nome, descricion, aforomaximo) values (1, 'Aula C1', 'Aula para clases teóricas.', 25);

insert into area (instalacion, nome, descricion, aforomaximo) values (2, 'Campo do Montes FC', 'Campo de Fútbol do mellor equipo da 3ª rexional.', 40);
insert into area (instalacion, nome, descricion, aforomaximo) values (2, 'Campo auxiliar 1', 'Campo de Fútbol para entrenamentos.', 30);
insert into area (instalacion, nome, descricion, aforomaximo) values (2, 'Campo auxiliar 2', 'Outro campo de Fútbol para entrenos.', 25);

insert into area (instalacion, nome, descricion, aforomaximo) values (3, 'Cancha principal', 'Cancha na que se poden practicar todo tipo de deportes.', 70);
insert into area (instalacion, nome, descricion, aforomaximo, databaixa) values (3, 'Cancha secundaria', 'Cancha para diferentes deportes auxiliar.', 50, '2020-01-22');
insert into area (instalacion, nome, descricion, aforomaximo) values (3, 'Aula V1', 'Aula ampla pechada para exposicións.', 40);
insert into area (instalacion, nome, descricion, aforomaximo) values (3, 'Aula V2', 'Pequena aula para pequenos encontros.', 10);

insert into area (instalacion, nome, descricion, aforomaximo) values (4, 'Pista Central', 'Pista principal, nela téñense reunido as mellores raquetas.', 5);
insert into area (instalacion, nome, descricion, aforomaximo) values (4, 'Pista 1', 'Primeira pista auxiliar.', 5);
insert into area (instalacion, nome, descricion, aforomaximo) values (4, 'Pista 2', 'Segunda pista auxiliar.', 5);
insert into area (instalacion, nome, descricion, aforomaximo) values (4, 'Pista 3', 'Terceira pista auxiliar.', 5);

insert into area (instalacion, nome, descricion, aforomaximo) values (5, 'Piscina principal', 'Piscina multiusos para a práctica de diferentes deportes de natación', 40);
insert into area (instalacion, nome, descricion, aforomaximo) values (5, 'Piscina de saltos', 'Piscina óptima para realizar saltos.', 30);
insert into area (instalacion, nome, descricion, aforomaximo) values (5, 'Piscina auxiliar', 'Piscina multiusos de menor tamaño.', 15);
insert into area (instalacion, nome, descricion, aforomaximo) values (5, 'Aula P1', 'Aula da instalación das piscinas, para calquera tipo de encontro entre poucas persoas', 15);
insert into area (instalacion, nome, descricion, aforomaximo, databaixa) values (5, 'Aula P2', 'Pequena aula para reunións', 10, '2020-01-30');

------------------------------------------------



------------------------------------------------



------------------------------------------------



------------------------------------------------



------------------------------------------------



------------------------------------------------
------------------------------------------------
------------------------------------------------
------------------------------------------------
------------------------------------------------
------------------------------------------------
------------------------------------------------
------------------------------------------------
------------------------------------------------
------------------------------------------------
------------------------------------------------
------------------------------------------------
------------------------------------------------
------------------------------------------------
------------------------------------------------
------------------------------------------------
------------------------------------------------
------------------------------------------------
------------------------------------------------
------------------------------------------------
------------------------------------------------
------------------------------------------------
