------------------TARIFA--------------------

INSERT INTO tarifa (nome,maxActividades,precioBase,precioExtra) VALUES ('Reducida',5,15.0,3.0);
INSERT INTO tarifa (nome,maxActividades,precioBase,precioExtra) VALUES ('Básica',10,20.0,3.0);
INSERT INTO tarifa (nome,maxActividades,precioBase,precioExtra) VALUES ('Premium',25,35.0,2.0);
INSERT INTO tarifa (nome,maxActividades,precioBase,precioExtra) VALUES ('VIP',30,45.0,1.0);

------------------USUARIO-------------------

INSERT INTO usuario VALUES ('test0', '6ca13d52ca70c883e0f0bb101e425a89e8624de51db2d2392593af6a84118090', '991202931', 'rgeyton0@cnn.com', 'ES1020304095447685743869', '2017-05-01', NULL);
INSERT INTO usuario VALUES ('manuelPersoal', '6ca13d52ca70c883e0f0bb101e425a89e8624de51db2d2392593af6a84118090', '991202931', 'rgeyton0@cnn.com', 'ES1020304095447685743869', '2017-05-01', NULL);
INSERT INTO usuario VALUES ('lucasPersoal', '6ca13d52ca70c883e0f0bb101e425a89e8624de51db2d2392593af6a84118090', '981101010', 'nsherborne1@flickr.com', 'ES1020304095447685743869', '2016-06-22', NULL);
INSERT INTO usuario VALUES ('raulPersoal', '6ca13d52ca70c883e0f0bb101e425a89e8624de51db2d2392593af6a84118090', '981101010', 'egulland2@unblog.fr', 'ES1020304095447685743869', '2017-06-09', NULL);
INSERT INTO usuario VALUES ('sergioPersoal', '6ca13d52ca70c883e0f0bb101e425a89e8624de51db2d2392593af6a84118090', '991202931', 'ctitt3@time.com', 'ES1020304095447685743869', '2017-03-28', NULL);
INSERT INTO usuario VALUES ('estherPersoal', '6ca13d52ca70c883e0f0bb101e425a89e8624de51db2d2392593af6a84118090', '981881122', 'lredley4@diigo.com', 'ES1020304095447685743869', '2017-12-05', NULL);
INSERT INTO usuario VALUES ('davidPersoal', '6ca13d52ca70c883e0f0bb101e425a89e8624de51db2d2392593af6a84118090', '991202931', 'rharbron5@meetup.com', 'ES1020304095447685743869', '2018-02-20', NULL);
INSERT INTO usuario VALUES ('soniaPersoal', '6ca13d52ca70c883e0f0bb101e425a89e8624de51db2d2392593af6a84118090', '686858543', 'dbrushfield6@dailymail.co.uk', 'ES1020304095447685743869', '2019-08-21', NULL);
INSERT INTO usuario VALUES ('sofiaPersoal', '6ca13d52ca70c883e0f0bb101e425a89e8624de51db2d2392593af6a84118090', '991202931', 'btelford7@wsj.com', 'ES1020304095447685743869', '2016-11-25', NULL);
INSERT INTO usuario VALUES ('luciaPersoal', '6ca13d52ca70c883e0f0bb101e425a89e8624de51db2d2392593af6a84118090', '981881122', 'vperez8@si.edu', 'ES1020304095447685743869', '2018-05-12', NULL);
INSERT INTO usuario VALUES ('juliaPersoal', '6ca13d52ca70c883e0f0bb101e425a89e8624de51db2d2392593af6a84118090', '981881122', 'pdoley9@wikimedia.org', 'ES1020304095447685743869', '2016-08-18', NULL);
INSERT INTO usuario VALUES ('andreaPersoal', '6ca13d52ca70c883e0f0bb101e425a89e8624de51db2d2392593af6a84118090', '981881122', 'dstiffa@cafepress.com', 'ES1020304095447685743869', '2018-03-19', NULL);
INSERT INTO usuario VALUES ('martaPersoal', '6ca13d52ca70c883e0f0bb101e425a89e8624de51db2d2392593af6a84118090', '991202931', 'thawkerb@businesswire.com', 'ES1020304095447685743869', '2017-06-20', NULL);
INSERT INTO usuario VALUES ('raulSocio', '6ca13d52ca70c883e0f0bb101e425a89e8624de51db2d2392593af6a84118090', '981881122', 'lbernardinoc@wisc.edu', 'ES1020304095447685743869', '2018-10-26', NULL);
INSERT INTO usuario VALUES ('mariaSocio', '6ca13d52ca70c883e0f0bb101e425a89e8624de51db2d2392593af6a84118090', '981881122', 'mroydond@netlog.com', 'ES1020304095447685743869', '2017-02-03', NULL);
INSERT INTO usuario VALUES ('sergioSocio', '6ca13d52ca70c883e0f0bb101e425a89e8624de51db2d2392593af6a84118090', '686858543', 'esackese@globo.com', 'ES1020304095447685743869', '2019-06-13', NULL);
INSERT INTO usuario VALUES ('danielSocio', '6ca13d52ca70c883e0f0bb101e425a89e8624de51db2d2392593af6a84118090', '686858543', 'bvillagef@nifty.com', 'ES1020304095447685743869', '2016-04-20', NULL);
INSERT INTO usuario VALUES ('estherSocio', '6ca13d52ca70c883e0f0bb101e425a89e8624de51db2d2392593af6a84118090', '981881122', 'jeveralg@zimbio.com', 'ES1020304095447685743869', '2017-09-24', NULL);
INSERT INTO usuario VALUES ('davidSocio', '6ca13d52ca70c883e0f0bb101e425a89e8624de51db2d2392593af6a84118090', '981101010', 'gwidmoorh@yellowbook.com', 'ES1020304095447685743869', '2019-01-08', NULL);
INSERT INTO usuario VALUES ('soniaSocio', '6ca13d52ca70c883e0f0bb101e425a89e8624de51db2d2392593af6a84118090', '981101010', 'cciobutarui@tamu.edu', 'ES1020304095447685743869', '2017-12-01', NULL);
INSERT INTO usuario VALUES ('sofiaSocio', '6ca13d52ca70c883e0f0bb101e425a89e8624de51db2d2392593af6a84118090', '981101010', 'jliebmannj@meetup.com', 'ES1020304095447685743869', '2017-03-28', NULL);
INSERT INTO usuario VALUES ('miguelSocio', '6ca13d52ca70c883e0f0bb101e425a89e8624de51db2d2392593af6a84118090', '981101010', 'dsclaterk@cornell.edu', 'ES1020304095447685743869', '2017-01-22', NULL);
INSERT INTO usuario VALUES ('nuriaSocio', '6ca13d52ca70c883e0f0bb101e425a89e8624de51db2d2392593af6a84118090', '686858543', 'wpauluccil@clickbank.net', 'ES1020304095447685743869', '2018-04-11', NULL);
INSERT INTO usuario VALUES ('teresaSocio', '6ca13d52ca70c883e0f0bb101e425a89e8624de51db2d2392593af6a84118090', '686858543', 'cmathesonm@upenn.edu', 'ES1020304095447685743869', '2018-03-28', NULL);
INSERT INTO usuario VALUES ('andreaSocio', '6ca13d52ca70c883e0f0bb101e425a89e8624de51db2d2392593af6a84118090', '981881122', 'gmcorkilln@tmall.com', 'ES1020304095447685743869', '2017-12-22', NULL);
INSERT INTO usuario VALUES ('martaSocio', '6ca13d52ca70c883e0f0bb101e425a89e8624de51db2d2392593af6a84118090', '981101010', 'kneedhamo@bigcartel.com', 'ES1020304095447685743869', '2017-02-11', NULL);
INSERT INTO usuario VALUES ('lauraSocio', '6ca13d52ca70c883e0f0bb101e425a89e8624de51db2d2392593af6a84118090', '991202931', 'acranfieldp@qq.com', 'ES1020304095447685743869', '2019-02-25', NULL);
INSERT INTO usuario VALUES ('nataliaSocio', '6ca13d52ca70c883e0f0bb101e425a89e8624de51db2d2392593af6a84118090', '686858543', 'mrivalandq@wordpress.org', 'ES1020304095447685743869', '2017-07-04', NULL);
INSERT INTO usuario VALUES ('pedroSocio', '6ca13d52ca70c883e0f0bb101e425a89e8624de51db2d2392593af6a84118090', '981881122', 'mduerdenr@seesaa.net', 'ES1020304095447685743869', '2016-06-07', NULL);

------------------PERSOAL-------------------

INSERT INTO persoal VALUES ('test0','0781232322', true);
INSERT INTO persoal VALUES ('manuelPersoal','0781232376', true);
INSERT INTO persoal VALUES ('lucasPersoal','1389584194', false);		
INSERT INTO persoal VALUES ('raulPersoal', '9436386877', false);	
INSERT INTO persoal VALUES ('sergioPersoal', '6939424970', false);
INSERT INTO persoal VALUES ('estherPersoal', '5691940562', false);	
INSERT INTO persoal VALUES ('davidPersoal','4738385194', false);	
INSERT INTO persoal VALUES ('soniaPersoal', '1440291500', true);	
INSERT INTO persoal VALUES ('sofiaPersoal', '8761664235', true);	
INSERT INTO persoal VALUES ('luciaPersoal','8139184829', true);		
INSERT INTO persoal VALUES ('juliaPersoal', '9431052229', false);
INSERT INTO persoal VALUES ('andreaPersoal','3496054654', false);
INSERT INTO persoal VALUES ('martaPersoal', '5883060595', true);

------------------SOCIO-------------------

INSERT INTO socio VALUES ('raulSocio', 1);
INSERT INTO socio VALUES ('mariaSocio',2);	
INSERT INTO socio VALUES ('sergioSocio', 3);
INSERT INTO socio VALUES ('danielSocio', 4); 	
INSERT INTO socio VALUES ('estherSocio', 1);
INSERT INTO socio VALUES ('davidSocio', 2);
INSERT INTO socio VALUES ('soniaSocio', 3);
INSERT INTO socio VALUES ('sofiaSocio', 4);	
INSERT INTO socio VALUES ('miguelSocio', 1); 
INSERT INTO socio VALUES ('nuriaSocio', 2);
INSERT INTO socio VALUES ('teresaSocio', 3);
INSERT INTO socio VALUES ('andreaSocio', 4);
INSERT INTO socio VALUES ('martaSocio', 1);
INSERT INTO socio VALUES ('lauraSocio', 2);
INSERT INTO socio VALUES ('nataliaSocio', 2);
INSERT INTO socio VALUES ('pedroSocio', 3); 	

------------------PERSOAFISICA-------------------

INSERT INTO persoaFisica VALUES ('12345678A', 'Test000', 'Lorem ipsum dolor sit amet', '1973-09-06', NULL, 'test0');
INSERT INTO persoaFisica VALUES ('71648701A', 'Manuel Ruiz Ruiz', 'Lorem ipsum dolor sit amet', '1973-09-06', NULL, 'manuelPersoal');
INSERT INTO persoaFisica VALUES ('67590394B', 'Lucas Fernández González', NULL, '1985-06-27', NULL, 'lucasPersoal');
INSERT INTO persoaFisica VALUES ('33374031C', 'Raúl Rodríguez Sanchez', 'Lorem ipsum dolor sit amet', '1990-02-01', 'raulSocio', 'raulPersoal');
INSERT INTO persoaFisica VALUES ('30653826D', 'María Ruiz García', 'Lorem ipsum dolor sit amet', '1961-03-28', 'mariaSocio', NULL);
INSERT INTO persoaFisica VALUES ('88941563S', 'Sergio Díaz López', NULL, '1986-07-09', 'sergioSocio', 'sergioPersoal');
INSERT INTO persoaFisica VALUES ('99929505W', 'Daniel García Rodríguez', NULL, '1982-12-12', 'danielSocio', NULL);
INSERT INTO persoaFisica VALUES ('64860595E', 'Esther Fernández López', 'consectetur adipiscing elit. Vestibulum imperdiet scelerisque dolor', '1974-05-20', 'estherSocio', 'estherPersoal');
INSERT INTO persoaFisica VALUES ('55285531R', 'David Sanchez García', 'Lorem ipsum dolor sit amet', '1962-10-11', 'davidSocio', 'davidPersoal');
INSERT INTO persoaFisica VALUES ('71547427T', 'Sonia García González', 'Lorem ipsum dolor sit amet', '1966-02-09', 'soniaSocio', 'soniaPersoal');
INSERT INTO persoaFisica VALUES ('71566089Y', 'Sofía Alonso González', 'consectetur adipiscing elit. Vestibulum imperdiet scelerisque dolor', '1953-12-11', 'sofiaSocio', 'sofiaPersoal');
INSERT INTO persoaFisica VALUES ('23254518U', 'Miguel Ruiz Ruiz', 'consectetur adipiscing elit. Vestibulum imperdiet scelerisque dolor', '1994-02-13', 'miguelSocio', NULL);
INSERT INTO persoaFisica VALUES ('73597734I', 'Lucía Rodríguez Alonso', 'consectetur adipiscing elit. Vestibulum imperdiet scelerisque dolor', '1999-03-28', NULL, 'luciaPersoal');
INSERT INTO persoaFisica VALUES ('49970628O', 'Julia Alonso González', 'consectetur adipiscing elit. Vestibulum imperdiet scelerisque dolor', '1971-05-29', NULL, 'juliaPersoal');
INSERT INTO persoaFisica VALUES ('21030638K', 'Nuria Alonso González', NULL, '1999-12-14', 'nuriaSocio', NULL);
INSERT INTO persoaFisica VALUES ('18605104J', 'Teresa López García', 'Lorem ipsum dolor sit amet', '1964-07-16', 'teresaSocio', NULL);
INSERT INTO persoaFisica VALUES ('67603033H', 'Andrea López Fernández', NULL, '1961-06-07', 'andreaSocio', 'andreaPersoal');
INSERT INTO persoaFisica VALUES ('82612456G', 'Marta Alonso González', 'Lorem ipsum dolor sit amet', '1954-07-18', 'martaSocio', 'martaPersoal');
INSERT INTO persoaFisica VALUES ('67635435F', 'Laura Díaz Ruiz', NULL, '2002-01-13', 'lauraSocio', NULL);
INSERT INTO persoaFisica VALUES ('88909972D', 'Natalia Rodríguez Sanchez', NULL, '2000-06-25', 'nataliaSocio', NULL);
INSERT INTO persoaFisica VALUES ('46191445S', 'Pedro Fernández Ruiz', NULL, '1975-12-31', 'pedroSocio', NULL);

------------------REXISTROFISIOLOXICO-------------------

INSERT INTO rexistroFisioloxico VALUES ('raulSocio', '2019-10-27 20:25:38', 82.01, 182, 56.49, 131, 50, 28, NULL);
INSERT INTO rexistroFisioloxico VALUES ('raulSocio', '2019-07-11 11:06:35', 82.58, 182, 14.56, 130, 68, 176, NULL);
INSERT INTO rexistroFisioloxico VALUES ('raulSocio', '2019-07-16 19:44:31', 87.84, 182, 16.56, 121, 88, 84, 'Lorem ipsum dolor sit amet');
INSERT INTO rexistroFisioloxico VALUES ('raulSocio', '2019-12-23 06:57:23', 81.29, 182, 59.42, 136, 56, 116, NULL);
INSERT INTO rexistroFisioloxico VALUES ('raulSocio', '2019-12-14 13:11:31', 89.91, 182, 8.1, 135, 77, 147, 'Lorem ipsum dolor sit amet');
INSERT INTO rexistroFisioloxico VALUES ('raulSocio', '2020-02-11 02:11:10', 85.49, 182, 72.25, 155, 73, 155, 'consectetur adipiscing elit. Vestibulum imperdiet scelerisque dolor');
INSERT INTO rexistroFisioloxico VALUES ('raulSocio', '2020-01-09 07:57:22', 86.18, 182, 88.6, 107, 87, 232, 'consectetur adipiscing elit. Vestibulum imperdiet scelerisque dolor');
INSERT INTO rexistroFisioloxico VALUES ('raulSocio', '2019-04-08 16:07:23', 82.19, 182, 58.88, 158, 57, 82, 'consectetur adipiscing elit. Vestibulum imperdiet scelerisque dolor');
INSERT INTO rexistroFisioloxico VALUES ('raulSocio', '2020-01-17 13:06:55', 83.35, 182, 12.96, 104, 92, 131, 'consectetur adipiscing elit. Vestibulum imperdiet scelerisque dolor');
INSERT INTO rexistroFisioloxico VALUES ('raulSocio', '2020-01-03 12:23:57', 84.28, 182, 31.79, 157, 52, 116, NULL);
INSERT INTO rexistroFisioloxico VALUES ('raulSocio', '2019-07-30 12:11:04', 89.16, 182, 90.89, 102, 96, 91, 'Lorem ipsum dolor sit amet');
INSERT INTO rexistroFisioloxico VALUES ('raulSocio', '2020-03-03 05:14:21', 82.71, 182, 44.32, 160, 89, 137, NULL);
INSERT INTO rexistroFisioloxico VALUES ('raulSocio', '2019-06-02 11:47:22', 88.95, 182, 8.45, 122, 87, 164, 'consectetur adipiscing elit. Vestibulum imperdiet scelerisque dolor');
INSERT INTO rexistroFisioloxico VALUES ('raulSocio', '2019-05-23 00:52:35', 86.39, 182, 54.13, 115, 89, 42, 'consectetur adipiscing elit. Vestibulum imperdiet scelerisque dolor');
INSERT INTO rexistroFisioloxico VALUES ('raulSocio', '2019-05-26 23:13:09', 80.93, 182, 68.58, 141, 59, 105, 'Lorem ipsum dolor sit amet');
INSERT INTO rexistroFisioloxico VALUES ('mariaSocio', '2019-09-15 23:04:49', 87.98, 182, 98.04, 150, 98, 225, NULL);
INSERT INTO rexistroFisioloxico VALUES ('mariaSocio', '2019-10-10 00:17:11', 87.39, 182, 95.86, 158, 52, 155, 'consectetur adipiscing elit. Vestibulum imperdiet scelerisque dolor');
INSERT INTO rexistroFisioloxico VALUES ('mariaSocio', '2019-08-07 23:24:52', 82.95, 182, 88.35, 101, 70, 39, 'Lorem ipsum dolor sit amet');
INSERT INTO rexistroFisioloxico VALUES ('mariaSocio', '2019-04-13 14:06:23', 88.9, 182, 67.58, 101, 55, 58, 'consectetur adipiscing elit. Vestibulum imperdiet scelerisque dolor');
INSERT INTO rexistroFisioloxico VALUES ('mariaSocio', '2019-07-04 17:08:54', 88.1, 182, 36.97, 105, 58, 49, NULL);
INSERT INTO rexistroFisioloxico VALUES ('mariaSocio', '2019-06-27 15:35:27', 88.12, 182, 79.2, 159, 93, 64, NULL);
INSERT INTO rexistroFisioloxico VALUES ('mariaSocio', '2019-12-24 04:30:42', 84.46, 182, 73.38, 105, 94, 155, 'consectetur adipiscing elit. Vestibulum imperdiet scelerisque dolor');
INSERT INTO rexistroFisioloxico VALUES ('mariaSocio', '2020-01-26 01:34:20', 89.31, 182, 90.63, 100, 85, 230, NULL);
INSERT INTO rexistroFisioloxico VALUES ('mariaSocio', '2020-02-28 11:55:00', 80.74, 182, 20.19, 119, 88, 88, 'consectetur adipiscing elit. Vestibulum imperdiet scelerisque dolor');
INSERT INTO rexistroFisioloxico VALUES ('mariaSocio', '2019-10-22 04:05:57', 80.33, 182, 9.76, 110, 59, 81, 'consectetur adipiscing elit. Vestibulum imperdiet scelerisque dolor');
INSERT INTO rexistroFisioloxico VALUES ('mariaSocio', '2019-08-12 22:40:27', 88.11, 182, 0.7, 124, 88, 102, 'Lorem ipsum dolor sit amet');
INSERT INTO rexistroFisioloxico VALUES ('mariaSocio', '2019-05-06 07:28:09', 88.16, 182, 77.37, 121, 69, 228, 'Lorem ipsum dolor sit amet');
INSERT INTO rexistroFisioloxico VALUES ('mariaSocio', '2019-05-09 16:54:43', 88.99, 182, 1.4, 130, 55, 177, 'Lorem ipsum dolor sit amet');
INSERT INTO rexistroFisioloxico VALUES ('mariaSocio', '2019-08-30 04:36:20', 87.35, 182, 34.24, 105, 93, 173, 'Lorem ipsum dolor sit amet');
INSERT INTO rexistroFisioloxico VALUES ('sergioSocio', '2019-12-11 05:57:21', 88.48, 182, 43.99, 156, 92, 142, 'consectetur adipiscing elit. Vestibulum imperdiet scelerisque dolor');
INSERT INTO rexistroFisioloxico VALUES ('sergioSocio', '2019-11-26 16:18:54', 82.92, 182, 57.9, 141, 67, 226, 'Lorem ipsum dolor sit amet');
INSERT INTO rexistroFisioloxico VALUES ('sergioSocio', '2019-05-30 13:27:07', 85.64, 182, 29.26, 152, 75, 116, 'consectetur adipiscing elit. Vestibulum imperdiet scelerisque dolor');
INSERT INTO rexistroFisioloxico VALUES ('sergioSocio', '2019-09-23 00:32:30', 84.64, 182, 99.14, 150, 58, 186, 'Lorem ipsum dolor sit amet');
INSERT INTO rexistroFisioloxico VALUES ('sergioSocio', '2019-08-14 02:32:12', 88.31, 182, 14.32, 146, 61, 164, 'consectetur adipiscing elit. Vestibulum imperdiet scelerisque dolor');
INSERT INTO rexistroFisioloxico VALUES ('sergioSocio', '2019-11-13 06:32:09', 80.12, 182, 83.83, 107, 64, 141, 'consectetur adipiscing elit. Vestibulum imperdiet scelerisque dolor');
INSERT INTO rexistroFisioloxico VALUES ('sergioSocio', '2019-10-08 22:58:39', 81.07, 182, 25.86, 140, 97, 177, 'consectetur adipiscing elit. Vestibulum imperdiet scelerisque dolor');
INSERT INTO rexistroFisioloxico VALUES ('sergioSocio', '2019-12-24 19:44:23', 84.53, 182, 18.7, 158, 77, 108, 'Lorem ipsum dolor sit amet');
INSERT INTO rexistroFisioloxico VALUES ('sergioSocio', '2019-12-12 18:43:15', 89.86, 182, 51.11, 130, 56, 198, NULL);
INSERT INTO rexistroFisioloxico VALUES ('sergioSocio', '2019-10-15 18:58:47', 88.76, 182, 56.46, 142, 71, 135, NULL);
INSERT INTO rexistroFisioloxico VALUES ('sergioSocio', '2020-02-02 01:49:48', 89.79, 182, 32.31, 156, 67, 118, NULL);
INSERT INTO rexistroFisioloxico VALUES ('sergioSocio', '2019-09-17 01:29:44', 81.69, 182, 90.63, 132, 70, 186, 'Lorem ipsum dolor sit amet');
INSERT INTO rexistroFisioloxico VALUES ('sergioSocio', '2019-10-06 04:31:42', 81.7, 182, 13.05, 144, 84, 196, 'consectetur adipiscing elit. Vestibulum imperdiet scelerisque dolor');
INSERT INTO rexistroFisioloxico VALUES ('sergioSocio', '2019-11-10 10:25:40', 84.2, 182, 17.61, 115, 82, 216, 'consectetur adipiscing elit. Vestibulum imperdiet scelerisque dolor');
INSERT INTO rexistroFisioloxico VALUES ('sergioSocio', '2019-10-30 09:43:32', 82.23, 182, 11.4, 152, 76, 80, NULL);
INSERT INTO rexistroFisioloxico VALUES ('danielSocio', '2020-02-12 11:58:21', 85.8, 182, 78.73, 120, 88, 236, 'Lorem ipsum dolor sit amet');
INSERT INTO rexistroFisioloxico VALUES ('danielSocio', '2019-10-05 23:33:20', 80.71, 182, 90.05, 133, 95, 57, NULL);
INSERT INTO rexistroFisioloxico VALUES ('danielSocio', '2020-03-05 03:01:56', 85.75, 182, 69.97, 145, 75, 60, 'consectetur adipiscing elit. Vestibulum imperdiet scelerisque dolor');
INSERT INTO rexistroFisioloxico VALUES ('danielSocio', '2019-05-03 05:25:04', 87.74, 182, 73.04, 120, 100, 125, 'consectetur adipiscing elit. Vestibulum imperdiet scelerisque dolor');
INSERT INTO rexistroFisioloxico VALUES ('danielSocio', '2020-02-07 06:50:10', 82.57, 182, 70.69, 108, 62, 117, NULL);
INSERT INTO rexistroFisioloxico VALUES ('danielSocio', '2019-12-02 17:51:50', 88.31, 182, 44.93, 149, 58, 158, NULL);
INSERT INTO rexistroFisioloxico VALUES ('danielSocio', '2019-06-13 05:39:50', 88.83, 182, 19.73, 116, 89, 124, NULL);
INSERT INTO rexistroFisioloxico VALUES ('danielSocio', '2019-09-11 03:59:03', 87.65, 182, 2.59, 156, 100, 114, 'consectetur adipiscing elit. Vestibulum imperdiet scelerisque dolor');
INSERT INTO rexistroFisioloxico VALUES ('danielSocio', '2019-04-21 17:56:04', 80.53, 182, 46.72, 116, 78, 195, NULL);
INSERT INTO rexistroFisioloxico VALUES ('danielSocio', '2020-01-09 19:53:04', 81.05, 182, 10.14, 130, 82, 35, 'consectetur adipiscing elit. Vestibulum imperdiet scelerisque dolor');
INSERT INTO rexistroFisioloxico VALUES ('danielSocio', '2019-06-07 12:55:10', 80.79, 182, 93.86, 160, 61, 57, 'consectetur adipiscing elit. Vestibulum imperdiet scelerisque dolor');
INSERT INTO rexistroFisioloxico VALUES ('danielSocio', '2019-04-25 14:26:08', 82.12, 182, 73.38, 125, 73, 21, 'consectetur adipiscing elit. Vestibulum imperdiet scelerisque dolor');
INSERT INTO rexistroFisioloxico VALUES ('danielSocio', '2019-12-30 13:08:38', 81.34, 182, 37.05, 148, 82, 74, 'Lorem ipsum dolor sit amet');
INSERT INTO rexistroFisioloxico VALUES ('sofiaSocio', '2019-07-12 14:25:57', 82.69, 182, 59.88, 108, 100, 121, 'Lorem ipsum dolor sit amet');
INSERT INTO rexistroFisioloxico VALUES ('sofiaSocio', '2020-02-18 01:35:24', 87.35, 182, 11.84, 142, 99, 75, 'Lorem ipsum dolor sit amet');
INSERT INTO rexistroFisioloxico VALUES ('sofiaSocio', '2020-03-17 22:29:22', 83.1, 182, 46.53, 109, 92, 157, 'consectetur adipiscing elit. Vestibulum imperdiet scelerisque dolor');
INSERT INTO rexistroFisioloxico VALUES ('sofiaSocio', '2020-01-06 16:28:55', 87.12, 182, 12.57, 118, 74, 122, 'consectetur adipiscing elit. Vestibulum imperdiet scelerisque dolor');
INSERT INTO rexistroFisioloxico VALUES ('sofiaSocio', '2020-02-29 01:41:52', 85.68, 182, 52.79, 116, 93, 157, 'Lorem ipsum dolor sit amet');
INSERT INTO rexistroFisioloxico VALUES ('sofiaSocio', '2020-01-20 11:14:39', 88.84, 182, 39.36, 101, 57, 20, 'consectetur adipiscing elit. Vestibulum imperdiet scelerisque dolor');
INSERT INTO rexistroFisioloxico VALUES ('sofiaSocio', '2019-09-10 07:15:16', 86.0, 182, 41.9, 157, 94, 230, 'Lorem ipsum dolor sit amet');
INSERT INTO rexistroFisioloxico VALUES ('sofiaSocio', '2019-11-15 16:11:49', 84.74, 182, 79.63, 159, 98, 234, NULL);
INSERT INTO rexistroFisioloxico VALUES ('sofiaSocio', '2020-01-27 10:51:46', 80.31, 182, 54.78, 104, 95, 23, 'Lorem ipsum dolor sit amet');
INSERT INTO rexistroFisioloxico VALUES ('sofiaSocio', '2019-05-09 21:57:54', 84.77, 182, 89.04, 125, 64, 228, 'Lorem ipsum dolor sit amet');
INSERT INTO rexistroFisioloxico VALUES ('sofiaSocio', '2019-04-19 16:10:24', 83.41, 182, 5.58, 136, 96, 25, NULL);
INSERT INTO rexistroFisioloxico VALUES ('sofiaSocio', '2020-03-14 15:37:29', 85.05, 182, 25.52, 122, 74, 101, 'Lorem ipsum dolor sit amet');
INSERT INTO rexistroFisioloxico VALUES ('sofiaSocio', '2019-04-27 09:33:24', 85.64, 182, 70.0, 109, 80, 65, NULL);
INSERT INTO rexistroFisioloxico VALUES ('sofiaSocio', '2019-11-26 18:14:46', 88.72, 182, 59.85, 116, 94, 194, 'consectetur adipiscing elit. Vestibulum imperdiet scelerisque dolor');
INSERT INTO rexistroFisioloxico VALUES ('sofiaSocio', '2019-12-13 05:21:16', 83.22, 182, 49.6, 116, 65, 242, 'consectetur adipiscing elit. Vestibulum imperdiet scelerisque dolor');
INSERT INTO rexistroFisioloxico VALUES ('sofiaSocio', '2019-07-23 12:05:33', 80.16, 182, 86.3, 123, 79, 184, NULL);
INSERT INTO rexistroFisioloxico VALUES ('sofiaSocio', '2019-04-19 05:16:05', 81.45, 182, 11.0, 135, 80, 208, 'Lorem ipsum dolor sit amet');
INSERT INTO rexistroFisioloxico VALUES ('sofiaSocio', '2020-02-05 22:55:27', 80.71, 182, 68.7, 120, 53, 155, 'Lorem ipsum dolor sit amet');
INSERT INTO rexistroFisioloxico VALUES ('sofiaSocio', '2019-07-07 08:48:12', 86.43, 182, 31.53, 152, 97, 121, 'Lorem ipsum dolor sit amet');
INSERT INTO rexistroFisioloxico VALUES ('sofiaSocio', '2019-11-26 16:12:18', 83.63, 182, 77.48, 110, 93, 21, NULL);
INSERT INTO rexistroFisioloxico VALUES ('andreaSocio', '2019-06-22 12:30:28', 84.21, 182, 60.02, 117, 90, 78, 'consectetur adipiscing elit. Vestibulum imperdiet scelerisque dolor');
INSERT INTO rexistroFisioloxico VALUES ('andreaSocio', '2019-06-12 18:30:17', 85.21, 182, 88.9, 141, 81, 62, 'Lorem ipsum dolor sit amet');
INSERT INTO rexistroFisioloxico VALUES ('andreaSocio', '2020-03-03 07:40:18', 86.99, 182, 27.94, 123, 62, 66, NULL);
INSERT INTO rexistroFisioloxico VALUES ('andreaSocio', '2019-06-07 22:43:19', 86.18, 182, 39.94, 128, 64, 189, 'Lorem ipsum dolor sit amet');
INSERT INTO rexistroFisioloxico VALUES ('andreaSocio', '2019-10-22 07:06:12', 85.42, 182, 97.71, 158, 82, 82, 'Lorem ipsum dolor sit amet');
INSERT INTO rexistroFisioloxico VALUES ('andreaSocio', '2020-03-06 05:31:44', 85.79, 182, 21.16, 107, 88, 105, 'Lorem ipsum dolor sit amet');
INSERT INTO rexistroFisioloxico VALUES ('andreaSocio', '2019-06-23 10:30:35', 85.05, 182, 43.67, 135, 60, 25, 'consectetur adipiscing elit. Vestibulum imperdiet scelerisque dolor');
INSERT INTO rexistroFisioloxico VALUES ('andreaSocio', '2020-03-06 14:32:09', 80.65, 182, 45.11, 142, 99, 98, NULL);
INSERT INTO rexistroFisioloxico VALUES ('andreaSocio', '2019-08-19 20:13:46', 89.26, 182, 87.72, 107, 93, 129, 'consectetur adipiscing elit. Vestibulum imperdiet scelerisque dolor');
INSERT INTO rexistroFisioloxico VALUES ('andreaSocio', '2020-01-10 11:50:57', 84.3, 182, 92.78, 120, 96, 213, NULL);
INSERT INTO rexistroFisioloxico VALUES ('andreaSocio', '2020-01-07 17:10:32', 83.75, 182, 60.68, 100, 73, 35, NULL);
INSERT INTO rexistroFisioloxico VALUES ('andreaSocio', '2019-10-07 18:55:00', 86.93, 182, 99.8, 147, 61, 159, NULL);
INSERT INTO rexistroFisioloxico VALUES ('andreaSocio', '2019-09-03 07:07:21', 86.2, 182, 15.12, 109, 74, 45, 'Lorem ipsum dolor sit amet');
INSERT INTO rexistroFisioloxico VALUES ('andreaSocio', '2019-08-28 05:52:32', 89.4, 182, 47.66, 129, 100, 249, 'consectetur adipiscing elit. Vestibulum imperdiet scelerisque dolor');
INSERT INTO rexistroFisioloxico VALUES ('andreaSocio', '2019-05-11 08:25:40', 88.91, 182, 44.24, 148, 75, 248, NULL);
INSERT INTO rexistroFisioloxico VALUES ('andreaSocio', '2019-04-23 00:10:39', 80.56, 182, 38.49, 119, 71, 72, 'Lorem ipsum dolor sit amet');
INSERT INTO rexistroFisioloxico VALUES ('andreaSocio', '2019-06-17 07:40:45', 87.99, 182, 18.73, 115, 75, 114, 'Lorem ipsum dolor sit amet');
INSERT INTO rexistroFisioloxico VALUES ('andreaSocio', '2019-08-28 11:30:05', 86.99, 182, 64.05, 112, 87, 166, 'consectetur adipiscing elit. Vestibulum imperdiet scelerisque dolor');
INSERT INTO rexistroFisioloxico VALUES ('andreaSocio', '2020-04-01 05:58:17', 80.34, 182, 22.98, 115, 93, 209, 'Lorem ipsum dolor sit amet');
INSERT INTO rexistroFisioloxico VALUES ('andreaSocio', '2019-06-13 17:32:02', 85.98, 182, 79.72, 138, 63, 210, 'consectetur adipiscing elit. Vestibulum imperdiet scelerisque dolor');
INSERT INTO rexistroFisioloxico VALUES ('andreaSocio', '2020-01-25 04:00:19', 87.59, 182, 74.06, 107, 88, 210, 'consectetur adipiscing elit. Vestibulum imperdiet scelerisque dolor');
INSERT INTO rexistroFisioloxico VALUES ('andreaSocio', '2019-06-29 05:23:29', 80.42, 182, 83.02, 140, 80, 116, NULL);
INSERT INTO rexistroFisioloxico VALUES ('andreaSocio', '2019-12-04 02:27:37', 84.61, 182, 96.04, 151, 52, 23, NULL);
INSERT INTO rexistroFisioloxico VALUES ('andreaSocio', '2019-11-02 14:30:44', 85.83, 182, 71.86, 103, 61, 197, 'Lorem ipsum dolor sit amet');
INSERT INTO rexistroFisioloxico VALUES ('andreaSocio', '2019-10-19 16:15:15', 83.94, 182, 63.96, 133, 89, 81, 'Lorem ipsum dolor sit amet');
INSERT INTO rexistroFisioloxico VALUES ('andreaSocio', '2019-05-02 03:32:52', 82.63, 182, 62.87, 112, 72, 24, 'consectetur adipiscing elit. Vestibulum imperdiet scelerisque dolor');
INSERT INTO rexistroFisioloxico VALUES ('andreaSocio', '2019-05-21 03:28:12', 87.54, 182, 86.99, 123, 91, 200, NULL);
INSERT INTO rexistroFisioloxico VALUES ('andreaSocio', '2020-03-07 18:12:05', 82.32, 182, 84.27, 127, 65, 41, NULL);

------------------MENSAXES-------------------

INSERT INTO enviarMensaxe VALUES ('andreaSocio', 'andreaPersoal', '2020-02-21 21:12:26', 'Lorem ipsum dolor sit amet  consectetur adipiscing elit. Vestibulum imperdiet scelerisque dolor. Vivamus mattis viverra enim  vitae vestibulum velit. In hac habitasse platea dictumst. Nulla a lobortis ante. Lorem ipsum dolor sit amet  consectetur adipiscing elit. In pretium hendrerit velit id elementum. Suspendisse potenti. Aenean fermentum cursus tincidunt. Curabitur accumsan leo ac turpis pretium fringilla. Morbi blandit vulputate dui et faucibus.', true);
INSERT INTO enviarMensaxe VALUES ('nataliaSocio', 'andreaPersoal', '2020-03-20 01:15:59', 'Lorem ipsum dolor sit amet  consectetur adipiscing elit. Vestibulum imperdiet scelerisque dolor. Vivamus mattis viverra enim  vitae vestibulum velit. In hac habitasse platea dictumst. Nulla a lobortis ante. Lorem ipsum dolor sit amet  consectetur adipiscing elit. In pretium hendrerit velit id elementum. Suspendisse potenti. Aenean fermentum cursus tincidunt. Curabitur accumsan leo ac turpis pretium fringilla. Morbi blandit vulputate dui et faucibus.', true);
INSERT INTO enviarMensaxe VALUES ('lucasPersoal', 'martaPersoal', '2020-02-13 20:10:58', 'Lorem ipsum dolor sit amet  consectetur adipiscing elit. Vestibulum imperdiet scelerisque dolor. Vivamus mattis viverra enim  vitae vestibulum velit. In hac habitasse platea dictumst. Nulla a lobortis ante. Lorem ipsum dolor sit amet  consectetur adipiscing elit. In pretium hendrerit velit id elementum. Suspendisse potenti. Aenean fermentum cursus tincidunt. Curabitur accumsan leo ac turpis pretium fringilla. Morbi blandit vulputate dui et faucibus.', true);
INSERT INTO enviarMensaxe VALUES ('sofiaSocio', 'manuelPersoal', '2020-01-16 06:57:42', 'Lorem ipsum dolor sit amet  consectetur adipiscing elit. Vestibulum imperdiet scelerisque dolor. Vivamus mattis viverra enim  vitae vestibulum velit. In hac habitasse platea dictumst. Nulla a lobortis ante. Lorem ipsum dolor sit amet  consectetur adipiscing elit. In pretium hendrerit velit id elementum. Suspendisse potenti. Aenean fermentum cursus tincidunt. Curabitur accumsan leo ac turpis pretium fringilla. Morbi blandit vulputate dui et faucibus.', false);
INSERT INTO enviarMensaxe VALUES ('sofiaSocio', 'teresaSocio', '2020-02-03 13:00:32', 'Lorem ipsum dolor sit amet  consectetur adipiscing elit. Vestibulum imperdiet scelerisque dolor. Vivamus mattis viverra enim  vitae vestibulum velit. In hac habitasse platea dictumst. Nulla a lobortis ante. Lorem ipsum dolor sit amet  consectetur adipiscing elit. In pretium hendrerit velit id elementum. Suspendisse potenti. Aenean fermentum cursus tincidunt. Curabitur accumsan leo ac turpis pretium fringilla. Morbi blandit vulputate dui et faucibus.', false);
INSERT INTO enviarMensaxe VALUES ('sergioPersoal', 'mariaSocio', '2020-02-03 20:25:12', 'Lorem ipsum dolor sit amet  consectetur adipiscing elit. Vestibulum imperdiet scelerisque dolor. Vivamus mattis viverra enim  vitae vestibulum velit. In hac habitasse platea dictumst. Nulla a lobortis ante. Lorem ipsum dolor sit amet  consectetur adipiscing elit. In pretium hendrerit velit id elementum. Suspendisse potenti. Aenean fermentum cursus tincidunt. Curabitur accumsan leo ac turpis pretium fringilla. Morbi blandit vulputate dui et faucibus.', false);
INSERT INTO enviarMensaxe VALUES ('sergioSocio', 'martaSocio', '2020-01-14 21:58:17', 'Lorem ipsum dolor sit amet  consectetur adipiscing elit. Vestibulum imperdiet scelerisque dolor. Vivamus mattis viverra enim  vitae vestibulum velit. In hac habitasse platea dictumst. Nulla a lobortis ante. Lorem ipsum dolor sit amet  consectetur adipiscing elit. In pretium hendrerit velit id elementum. Suspendisse potenti. Aenean fermentum cursus tincidunt. Curabitur accumsan leo ac turpis pretium fringilla. Morbi blandit vulputate dui et faucibus.', false);
INSERT INTO enviarMensaxe VALUES ('andreaPersoal', 'davidPersoal', '2020-03-20 16:06:26', 'Lorem ipsum dolor sit amet  consectetur adipiscing elit. Vestibulum imperdiet scelerisque dolor. Vivamus mattis viverra enim  vitae vestibulum velit. In hac habitasse platea dictumst. Nulla a lobortis ante. Lorem ipsum dolor sit amet  consectetur adipiscing elit. In pretium hendrerit velit id elementum. Suspendisse potenti. Aenean fermentum cursus tincidunt. Curabitur accumsan leo ac turpis pretium fringilla. Morbi blandit vulputate dui et faucibus.', true);
INSERT INTO enviarMensaxe VALUES ('luciaPersoal', 'andreaSocio', '2020-03-14 16:08:07', 'Lorem ipsum dolor sit amet  consectetur adipiscing elit. Vestibulum imperdiet scelerisque dolor. Vivamus mattis viverra enim  vitae vestibulum velit. In hac habitasse platea dictumst. Nulla a lobortis ante. Lorem ipsum dolor sit amet  consectetur adipiscing elit. In pretium hendrerit velit id elementum. Suspendisse potenti. Aenean fermentum cursus tincidunt. Curabitur accumsan leo ac turpis pretium fringilla. Morbi blandit vulputate dui et faucibus.', false);
INSERT INTO enviarMensaxe VALUES ('soniaPersoal', 'lauraSocio', '2020-02-04 15:53:43', 'Lorem ipsum dolor sit amet  consectetur adipiscing elit. Vestibulum imperdiet scelerisque dolor. Vivamus mattis viverra enim  vitae vestibulum velit. In hac habitasse platea dictumst. Nulla a lobortis ante. Lorem ipsum dolor sit amet  consectetur adipiscing elit. In pretium hendrerit velit id elementum. Suspendisse potenti. Aenean fermentum cursus tincidunt. Curabitur accumsan leo ac turpis pretium fringilla. Morbi blandit vulputate dui et faucibus.', false);
INSERT INTO enviarMensaxe VALUES ('luciaPersoal', 'martaPersoal', '2020-02-20 06:55:00', 'Lorem ipsum dolor sit amet  consectetur adipiscing elit. Vestibulum imperdiet scelerisque dolor. Vivamus mattis viverra enim  vitae vestibulum velit. In hac habitasse platea dictumst. Nulla a lobortis ante. Lorem ipsum dolor sit amet  consectetur adipiscing elit. In pretium hendrerit velit id elementum. Suspendisse potenti. Aenean fermentum cursus tincidunt. Curabitur accumsan leo ac turpis pretium fringilla. Morbi blandit vulputate dui et faucibus.', true);
INSERT INTO enviarMensaxe VALUES ('sofiaPersoal', 'juliaPersoal', '2020-03-05 20:08:38', 'Lorem ipsum dolor sit amet  consectetur adipiscing elit. Vestibulum imperdiet scelerisque dolor. Vivamus mattis viverra enim  vitae vestibulum velit. In hac habitasse platea dictumst. Nulla a lobortis ante. Lorem ipsum dolor sit amet  consectetur adipiscing elit. In pretium hendrerit velit id elementum. Suspendisse potenti. Aenean fermentum cursus tincidunt. Curabitur accumsan leo ac turpis pretium fringilla. Morbi blandit vulputate dui et faucibus.', true);
INSERT INTO enviarMensaxe VALUES ('luciaPersoal', 'nuriaSocio', '2020-01-29 03:07:48', 'Lorem ipsum dolor sit amet  consectetur adipiscing elit. Vestibulum imperdiet scelerisque dolor. Vivamus mattis viverra enim  vitae vestibulum velit. In hac habitasse platea dictumst. Nulla a lobortis ante. Lorem ipsum dolor sit amet  consectetur adipiscing elit. In pretium hendrerit velit id elementum. Suspendisse potenti. Aenean fermentum cursus tincidunt. Curabitur accumsan leo ac turpis pretium fringilla. Morbi blandit vulputate dui et faucibus.', false);
INSERT INTO enviarMensaxe VALUES ('raulSocio', 'lauraSocio', '2020-01-31 05:44:56', 'Lorem ipsum dolor sit amet  consectetur adipiscing elit. Vestibulum imperdiet scelerisque dolor. Vivamus mattis viverra enim  vitae vestibulum velit. In hac habitasse platea dictumst. Nulla a lobortis ante. Lorem ipsum dolor sit amet  consectetur adipiscing elit. In pretium hendrerit velit id elementum. Suspendisse potenti. Aenean fermentum cursus tincidunt. Curabitur accumsan leo ac turpis pretium fringilla. Morbi blandit vulputate dui et faucibus.', false);
INSERT INTO enviarMensaxe VALUES ('estherPersoal', 'pedroSocio', '2020-01-11 23:51:36', 'Lorem ipsum dolor sit amet  consectetur adipiscing elit. Vestibulum imperdiet scelerisque dolor. Vivamus mattis viverra enim  vitae vestibulum velit. In hac habitasse platea dictumst. Nulla a lobortis ante. Lorem ipsum dolor sit amet  consectetur adipiscing elit. In pretium hendrerit velit id elementum. Suspendisse potenti. Aenean fermentum cursus tincidunt. Curabitur accumsan leo ac turpis pretium fringilla. Morbi blandit vulputate dui et faucibus.', true);
INSERT INTO enviarMensaxe VALUES ('martaPersoal', 'pedroSocio', '2020-04-01 05:38:47', 'Lorem ipsum dolor sit amet  consectetur adipiscing elit. Vestibulum imperdiet scelerisque dolor. Vivamus mattis viverra enim  vitae vestibulum velit. In hac habitasse platea dictumst. Nulla a lobortis ante. Lorem ipsum dolor sit amet  consectetur adipiscing elit. In pretium hendrerit velit id elementum. Suspendisse potenti. Aenean fermentum cursus tincidunt. Curabitur accumsan leo ac turpis pretium fringilla. Morbi blandit vulputate dui et faucibus.', true);
INSERT INTO enviarMensaxe VALUES ('pedroSocio', 'sergioPersoal', '2020-02-03 18:36:32', 'Lorem ipsum dolor sit amet  consectetur adipiscing elit. Vestibulum imperdiet scelerisque dolor. Vivamus mattis viverra enim  vitae vestibulum velit. In hac habitasse platea dictumst. Nulla a lobortis ante. Lorem ipsum dolor sit amet  consectetur adipiscing elit. In pretium hendrerit velit id elementum. Suspendisse potenti. Aenean fermentum cursus tincidunt. Curabitur accumsan leo ac turpis pretium fringilla. Morbi blandit vulputate dui et faucibus.', true);
INSERT INTO enviarMensaxe VALUES ('sergioSocio', 'sofiaPersoal', '2020-01-29 19:01:26', 'Lorem ipsum dolor sit amet  consectetur adipiscing elit. Vestibulum imperdiet scelerisque dolor. Vivamus mattis viverra enim  vitae vestibulum velit. In hac habitasse platea dictumst. Nulla a lobortis ante. Lorem ipsum dolor sit amet  consectetur adipiscing elit. In pretium hendrerit velit id elementum. Suspendisse potenti. Aenean fermentum cursus tincidunt. Curabitur accumsan leo ac turpis pretium fringilla. Morbi blandit vulputate dui et faucibus.', true);
INSERT INTO enviarMensaxe VALUES ('soniaPersoal', 'raulSocio', '2020-01-19 21:08:44', 'Lorem ipsum dolor sit amet  consectetur adipiscing elit. Vestibulum imperdiet scelerisque dolor. Vivamus mattis viverra enim  vitae vestibulum velit. In hac habitasse platea dictumst. Nulla a lobortis ante. Lorem ipsum dolor sit amet  consectetur adipiscing elit. In pretium hendrerit velit id elementum. Suspendisse potenti. Aenean fermentum cursus tincidunt. Curabitur accumsan leo ac turpis pretium fringilla. Morbi blandit vulputate dui et faucibus.', true);
INSERT INTO enviarMensaxe VALUES ('sergioSocio', 'sofiaSocio', '2020-02-22 04:29:19', 'Lorem ipsum dolor sit amet  consectetur adipiscing elit. Vestibulum imperdiet scelerisque dolor. Vivamus mattis viverra enim  vitae vestibulum velit. In hac habitasse platea dictumst. Nulla a lobortis ante. Lorem ipsum dolor sit amet  consectetur adipiscing elit. In pretium hendrerit velit id elementum. Suspendisse potenti. Aenean fermentum cursus tincidunt. Curabitur accumsan leo ac turpis pretium fringilla. Morbi blandit vulputate dui et faucibus.', true);
INSERT INTO enviarMensaxe VALUES ('pedroSocio', 'nataliaSocio', '2020-01-28 22:44:49', 'Lorem ipsum dolor sit amet  consectetur adipiscing elit. Vestibulum imperdiet scelerisque dolor. Vivamus mattis viverra enim  vitae vestibulum velit. In hac habitasse platea dictumst. Nulla a lobortis ante. Lorem ipsum dolor sit amet  consectetur adipiscing elit. In pretium hendrerit velit id elementum. Suspendisse potenti. Aenean fermentum cursus tincidunt. Curabitur accumsan leo ac turpis pretium fringilla. Morbi blandit vulputate dui et faucibus.', false);
INSERT INTO enviarMensaxe VALUES ('pedroSocio', 'juliaPersoal', '2020-01-17 01:21:19', 'Lorem ipsum dolor sit amet  consectetur adipiscing elit. Vestibulum imperdiet scelerisque dolor. Vivamus mattis viverra enim  vitae vestibulum velit. In hac habitasse platea dictumst. Nulla a lobortis ante. Lorem ipsum dolor sit amet  consectetur adipiscing elit. In pretium hendrerit velit id elementum. Suspendisse potenti. Aenean fermentum cursus tincidunt. Curabitur accumsan leo ac turpis pretium fringilla. Morbi blandit vulputate dui et faucibus.', false);
INSERT INTO enviarMensaxe VALUES ('pedroSocio', 'lauraSocio', '2020-03-26 07:36:32', 'Lorem ipsum dolor sit amet  consectetur adipiscing elit. Vestibulum imperdiet scelerisque dolor. Vivamus mattis viverra enim  vitae vestibulum velit. In hac habitasse platea dictumst. Nulla a lobortis ante. Lorem ipsum dolor sit amet  consectetur adipiscing elit. In pretium hendrerit velit id elementum. Suspendisse potenti. Aenean fermentum cursus tincidunt. Curabitur accumsan leo ac turpis pretium fringilla. Morbi blandit vulputate dui et faucibus.', false);
INSERT INTO enviarMensaxe VALUES ('juliaPersoal', 'luciaPersoal', '2020-02-10 05:41:25', 'Lorem ipsum dolor sit amet  consectetur adipiscing elit. Vestibulum imperdiet scelerisque dolor. Vivamus mattis viverra enim  vitae vestibulum velit. In hac habitasse platea dictumst. Nulla a lobortis ante. Lorem ipsum dolor sit amet  consectetur adipiscing elit. In pretium hendrerit velit id elementum. Suspendisse potenti. Aenean fermentum cursus tincidunt. Curabitur accumsan leo ac turpis pretium fringilla. Morbi blandit vulputate dui et faucibus.', false);
INSERT INTO enviarMensaxe VALUES ('lauraSocio', 'davidPersoal', '2020-03-17 18:52:09', 'Lorem ipsum dolor sit amet  consectetur adipiscing elit. Vestibulum imperdiet scelerisque dolor. Vivamus mattis viverra enim  vitae vestibulum velit. In hac habitasse platea dictumst. Nulla a lobortis ante. Lorem ipsum dolor sit amet  consectetur adipiscing elit. In pretium hendrerit velit id elementum. Suspendisse potenti. Aenean fermentum cursus tincidunt. Curabitur accumsan leo ac turpis pretium fringilla. Morbi blandit vulputate dui et faucibus.', true);
INSERT INTO enviarMensaxe VALUES ('lucasPersoal', 'teresaSocio', '2020-01-25 02:32:50', 'Lorem ipsum dolor sit amet  consectetur adipiscing elit. Vestibulum imperdiet scelerisque dolor. Vivamus mattis viverra enim  vitae vestibulum velit. In hac habitasse platea dictumst. Nulla a lobortis ante. Lorem ipsum dolor sit amet  consectetur adipiscing elit. In pretium hendrerit velit id elementum. Suspendisse potenti. Aenean fermentum cursus tincidunt. Curabitur accumsan leo ac turpis pretium fringilla. Morbi blandit vulputate dui et faucibus.', true);
INSERT INTO enviarMensaxe VALUES ('estherSocio', 'estherPersoal', '2020-03-18 01:07:47', 'Lorem ipsum dolor sit amet  consectetur adipiscing elit. Vestibulum imperdiet scelerisque dolor. Vivamus mattis viverra enim  vitae vestibulum velit. In hac habitasse platea dictumst. Nulla a lobortis ante. Lorem ipsum dolor sit amet  consectetur adipiscing elit. In pretium hendrerit velit id elementum. Suspendisse potenti. Aenean fermentum cursus tincidunt. Curabitur accumsan leo ac turpis pretium fringilla. Morbi blandit vulputate dui et faucibus.', true);
INSERT INTO enviarMensaxe VALUES ('mariaSocio', 'lucasPersoal', '2020-02-18 07:11:17', 'Lorem ipsum dolor sit amet  consectetur adipiscing elit. Vestibulum imperdiet scelerisque dolor. Vivamus mattis viverra enim  vitae vestibulum velit. In hac habitasse platea dictumst. Nulla a lobortis ante. Lorem ipsum dolor sit amet  consectetur adipiscing elit. In pretium hendrerit velit id elementum. Suspendisse potenti. Aenean fermentum cursus tincidunt. Curabitur accumsan leo ac turpis pretium fringilla. Morbi blandit vulputate dui et faucibus.', false);
INSERT INTO enviarMensaxe VALUES ('mariaSocio', 'andreaPersoal', '2020-03-13 20:15:05', 'Lorem ipsum dolor sit amet  consectetur adipiscing elit. Vestibulum imperdiet scelerisque dolor. Vivamus mattis viverra enim  vitae vestibulum velit. In hac habitasse platea dictumst. Nulla a lobortis ante. Lorem ipsum dolor sit amet  consectetur adipiscing elit. In pretium hendrerit velit id elementum. Suspendisse potenti. Aenean fermentum cursus tincidunt. Curabitur accumsan leo ac turpis pretium fringilla. Morbi blandit vulputate dui et faucibus.', true);
INSERT INTO enviarMensaxe VALUES ('lucasPersoal', 'sergioPersoal', '2020-01-24 15:03:44', 'Lorem ipsum dolor sit amet  consectetur adipiscing elit. Vestibulum imperdiet scelerisque dolor. Vivamus mattis viverra enim  vitae vestibulum velit. In hac habitasse platea dictumst. Nulla a lobortis ante. Lorem ipsum dolor sit amet  consectetur adipiscing elit. In pretium hendrerit velit id elementum. Suspendisse potenti. Aenean fermentum cursus tincidunt. Curabitur accumsan leo ac turpis pretium fringilla. Morbi blandit vulputate dui et faucibus.', false);

------------------INSTALACIÓNS-------------------
INSERT INTO instalacion (nome, numtelefono, direccion) VALUES ('Polideportivo da Cañota', '982455732', 'Lugar da Cañota, 22');
INSERT INTO instalacion (nome, numtelefono, direccion) VALUES ('Estadio Central', '924566633', 'Rúa Baixa, Lugar de Montes');
INSERT INTO instalacion (nome, numtelefono, direccion) VALUES ('Multiusos Pontes do mar', '992423465', 'Calle Lorenzo, Vilaxoan');
INSERT INTO instalacion (nome, numtelefono, direccion) VALUES ('Pistas de Tenis de louro', '635234888', 'Lugar de Ventos, 35');
INSERT INTO instalacion (nome, numtelefono, direccion) VALUES ('Piscinas nadamoito', '984566943', 'Rúa Alta, Lugar de Prados');

------------------AREAS-------------------
INSERT INTO area (instalacion, nome, descricion, aforomaximo) VALUES (1, 'Pista de atletismo dc', 'Para os máis corredores', 50);
INSERT INTO area (instalacion, nome, descricion, aforomaximo) VALUES (1, 'Cancha do Básquet Cañota CAB', 'A cancha do mellor equipo que houbo en toda Cañota', 30);
INSERT INTO area (instalacion, nome, descricion, aforomaximo) VALUES (1, 'Pistas de pádel', 'Pistas de Pádel recén construídas.', 15);
INSERT INTO area (instalacion, nome, descricion, aforomaximo, databaixa) VALUES (1, 'Aula c1', 'Aula para clases teóricas.', 25, '2018-12-12');

INSERT INTO area (instalacion, nome, descricion, aforomaximo) VALUES (2, 'Campo do montes fc', 'Campo de Fútbol do mellor equipo da 3ª rexional.', 40);
INSERT INTO area (instalacion, nome, descricion, aforomaximo) VALUES (2, 'Campo auxiliar 1', 'Campo de Fútbol para entrenamentos.', 30);
INSERT INTO area (instalacion, nome, descricion, aforomaximo) VALUES (2, 'Campo auxiliar 2', 'Outro campo de Fútbol para entrenos.', 25);
																		  
INSERT INTO area (instalacion, nome, descricion, aforomaximo) VALUES (3, 'Cancha principal', 'Cancha na que se poden practicar todo tipo de deportes.', 70);
INSERT INTO area (instalacion, nome, descricion, aforomaximo, databaixa) VALUES (3, 'Cancha secundaria', 'Cancha para diferentes deportes auxiliar.', 50, '2020-01-22');
INSERT INTO area (instalacion, nome, descricion, aforomaximo) VALUES (3, 'Aula v1', 'Aula ampla pechada para exposicións.', 40);
INSERT INTO area (instalacion, nome, descricion, aforomaximo) VALUES (3, 'Aula v2', 'Pequena aula para pequenos encontros.', 10);

INSERT INTO area (instalacion, nome, descricion, aforomaximo) VALUES (4, 'Pista central', 'Pista principal, nela téñense reunido as mellores raquetas.', 5);
INSERT INTO area (instalacion, nome, descricion, aforomaximo) VALUES (4, 'Pista 1', 'Primeira pista auxiliar.', 5);
INSERT INTO area (instalacion, nome, descricion, aforomaximo) VALUES (4, 'Pista 2', 'Segunda pista auxiliar.', 5);
INSERT INTO area (instalacion, nome, descricion, aforomaximo) VALUES (4, 'Pista 3', 'Terceira pista auxiliar.', 5);

INSERT INTO area (instalacion, nome, descricion, aforomaximo) VALUES (5, 'Piscina principal', 'Piscina multiusos para a práctica de diferentes deportes de natación', 40);
INSERT INTO area (instalacion, nome, descricion, aforomaximo) VALUES (5, 'Piscina de saltos', 'Piscina óptima para realizar saltos.', 30);
INSERT INTO area (instalacion, nome, descricion, aforomaximo) VALUES (5, 'Piscina auxiliar', 'Piscina multiusos de menor tamaño.', 15);
INSERT INTO area (instalacion, nome, descricion, aforomaximo) VALUES (5, 'Aula p1', 'Aula da instalación das piscinas, para calquera tipo de encontro entre poucas persoas', 15);
INSERT INTO area (instalacion, nome, descricion, aforomaximo, databaixa) VALUES (5, 'aula p2', 'Pequena aula para reunións', 10, '2020-01-30');

------------------TIPOMATERIAL-------------------
INSERT INTO tipoMaterial (nome) VALUES ('Pértiga');
INSERT INTO tipoMaterial (nome) VALUES ('Disco');
INSERT INTO tipoMaterial (nome) VALUES ('Xabalina');
INSERT INTO tipoMaterial (nome) VALUES ('Balón de baloncesto reglamentario');
INSERT INTO tipoMaterial (nome) VALUES ('Balón de Baloncesto júnior');
INSERT INTO tipoMaterial (nome) VALUES ('Pala de pádel');
INSERT INTO tipoMaterial (nome) VALUES ('Pelota de pádel');
INSERT INTO tipoMaterial (nome) VALUES ('Proxector');
INSERT INTO tipoMaterial (nome) VALUES ('Ordenador portátil');
INSERT INTO tipoMaterial (nome) VALUES ('Pelota de fútbol 11');
INSERT INTO tipoMaterial (nome) VALUES ('Pelota de fútbol 7');
INSERT INTO tipoMaterial (nome) VALUES ('Peto');
INSERT INTO tipoMaterial (nome) VALUES ('Cono');
INSERT INTO tipoMaterial (nome) VALUES ('Rede de porteria');
INSERT INTO tipoMaterial (nome) VALUES ('Pelota de balonmán');
INSERT INTO tipoMaterial (nome) VALUES ('Pelota de fútbol sala');
INSERT INTO tipoMaterial (nome) VALUES ('Disco de hockey');
INSERT INTO tipoMaterial (nome) VALUES ('Pau de hockey');
INSERT INTO tipoMaterial (nome) VALUES ('Raqueta de tenis');
INSERT INTO tipoMaterial (nome) VALUES ('Pelota de tenis');
INSERT INTO tipoMaterial (nome) VALUES ('Rede de tenis');
INSERT INTO tipoMaterial (nome) VALUES ('Pelota de waterpolo');

------------------MATERIAL-------------------
INSERT INTO material (tipoMaterial, area, instalacion, estado, datacompra, prezocompra) VALUES (1, 1, 1, 'Perfecta', '2017-02-20', 80);
INSERT INTO material (tipoMaterial, area, instalacion, estado, datacompra, prezocompra) VALUES (1, 1, 1, 'Algo usada, pero bo estado', '2015-04-20', 70);

INSERT INTO material (tipoMaterial, area, instalacion, estado, datacompra, prezocompra) VALUES (2, 1, 1, 'Recén comprada, sen fallos', '2020-03-10', 90);
INSERT INTO material (tipoMaterial, area, instalacion, estado, datacompra, prezocompra) VALUES (2, 1, 1, 'Algo deteriorado', '2012-03-12', null);
INSERT INTO material (tipoMaterial, area, instalacion, estado, datacompra, prezocompra) VALUES (2, 1, 1, 'Perfecta', '2014-09-18', 40);

INSERT INTO material (tipoMaterial, area, instalacion, estado, datacompra, prezocompra) VALUES (3, 1, 1, 'Para o tempo que ten moi conservada', '2009-09-11', 150);

INSERT INTO material (tipoMaterial, area, instalacion, estado, datacompra, prezocompra) VALUES (4, 2, 1, 'Sen usar', '2020-01-11', 50);
INSERT INTO material (tipoMaterial, area, instalacion, estado, datacompra, prezocompra) VALUES (4, 2, 1, 'Empeza a estar gastado', '2012-11-11', 30);
INSERT INTO material (tipoMaterial, area, instalacion, estado, datacompra, prezocompra) VALUES (4, 2, 1, 'Moi bo', '2019-06-10', 25);
INSERT INTO material (tipoMaterial, area, instalacion, estado, datacompra, prezocompra) VALUES (4, 1, 3, 'Bo estado', '2018-09-12', 40);
INSERT INTO material (tipoMaterial, area, instalacion, estado, datacompra, prezocompra) VALUES (4, 1, 3, 'Gastado pero funcional', '2011-02-28', 40);
INSERT INTO material (tipoMaterial, area, instalacion, estado, datacompra, prezocompra) VALUES (4, 1, 3, 'Gastado pero funcional', '2014-01-20', 45);

INSERT INTO material (tipoMaterial, area, instalacion, estado, datacompra, prezocompra) VALUES (5, 2, 1, 'Novo', '2020-03-19', 80);
INSERT INTO material (tipoMaterial, area, instalacion, estado, datacompra, prezocompra) VALUES (5, 2, 1, 'Gastado', '2011-01-20', 20);
INSERT INTO material (tipoMaterial, area, instalacion, estado, datacompra, prezocompra) VALUES (5, 1, 3, 'Ben conservado', '2012-10-23', 20);

INSERT INTO material (tipoMaterial, area, instalacion, estado, datacompra, prezocompra) VALUES (6, 3, 1, 'Aceptable', '2019-02-10', 80);
INSERT INTO material (tipoMaterial, area, instalacion, estado, datacompra, prezocompra) VALUES (6, 3, 1, 'Bo aspecto', '2012-10-24', 100);
INSERT INTO material (tipoMaterial, area, instalacion, estado, datacompra, prezocompra) VALUES (6, 3, 1, 'Perfecta, sen rasguños', '2020-01-23', 25);
INSERT INTO material (tipoMaterial, area, instalacion, estado, datacompra, prezocompra) VALUES (6, 3, 1, 'Moi coidada', '2012-12-11', 150);

INSERT INTO material (tipoMaterial, area, instalacion, estado, datacompra, prezocompra) VALUES (7, 3, 1, 'Sen problemas', '2019-12-11', 20);
INSERT INTO material (tipoMaterial, area, instalacion, estado, datacompra, prezocompra) VALUES (7, 3, 1, 'Perfecta', '2019-12-11', 20);

INSERT INTO material (tipoMaterial, area, instalacion, estado, datacompra, prezocompra) VALUES (8, 3, 3, 'Funcional', '2018-01-29', 100);
INSERT INTO material (tipoMaterial, area, instalacion, estado, datacompra, prezocompra) VALUES (8, 4, 3, 'Con algún defectiño', '2017-12-13', 140);
INSERT INTO material (tipoMaterial, area, instalacion, estado, datacompra, prezocompra) VALUES (8, 4, 5, 'Sen ningún problema aparente', '2018-08-30', 120);
INSERT INTO material (tipoMaterial, area, instalacion, estado, datacompra, prezocompra) VALUES (8, 4, 5, 'Algo problemático', '2015-02-22', 120);

INSERT INTO material (tipoMaterial, area, instalacion, estado, datacompra, prezocompra) VALUES (9, 3, 3, 'Ben conservado e funcional', '2019-01-22', 300);
INSERT INTO material (tipoMaterial, area, instalacion, estado, datacompra, prezocompra) VALUES (9, 4, 3, 'En perfecto estado', '2018-05-12', 280);
INSERT INTO material (tipoMaterial, area, instalacion, estado, datacompra, prezocompra) VALUES (9, 4, 5, 'Sen problemas', '2016-02-05', 400);

INSERT INTO material (tipoMaterial, area, instalacion, estado, datacompra, prezocompra) VALUES (10, 1, 2, 'Bos resultados', '2020-02-05', 25);
INSERT INTO material (tipoMaterial, area, instalacion, estado, datacompra, prezocompra) VALUES (10, 1, 2, 'Sen usar', '2020-02-05', 40);
INSERT INTO material (tipoMaterial, area, instalacion, estado, datacompra, prezocompra) VALUES (10, 1, 2, 'Bo estado', '2016-01-09', 22);
INSERT INTO material (tipoMaterial, area, instalacion, estado, datacompra, prezocompra) VALUES (10, 1, 2, 'Algo gastado', '2016-05-05', 35);
INSERT INTO material (tipoMaterial, area, instalacion, estado, datacompra, prezocompra) VALUES (10, 2, 2, 'Perfectamente conservado', '2016-12-12', 40);
INSERT INTO material (tipoMaterial, area, instalacion, estado, datacompra, prezocompra) VALUES (10, 2, 2, 'Perfecto', '2016-12-12', 15);
INSERT INTO material (tipoMaterial, area, instalacion, estado, datacompra, prezocompra) VALUES (10, 3, 2, 'Boa conservación', '2015-11-20', 40);
INSERT INTO material (tipoMaterial, area, instalacion, estado, datacompra, prezocompra) VALUES (10, 3, 2, 'Sen defectos', '2019-08-16', 25);

INSERT INTO material (tipoMaterial, area, instalacion, estado, datacompra, prezocompra) VALUES (11, 1, 2, 'Ben', '2017-04-22', 25);
INSERT INTO material (tipoMaterial, area, instalacion, estado, datacompra, prezocompra) VALUES (11, 1, 2, 'Sen problemas recentes', '2019-01-23', 20);
INSERT INTO material (tipoMaterial, area, instalacion, estado, datacompra, prezocompra) VALUES (11, 3, 2, 'Perfecto', '2020-01-11', 30);

INSERT INTO material (tipoMaterial, area, instalacion, estado, datacompra, prezocompra) VALUES (12, 1, 2, 'Ben conservado', '2018-01-14', 5);
INSERT INTO material (tipoMaterial, area, instalacion, estado, datacompra, prezocompra) VALUES (12, 1, 2, 'Algún rasguño pero ben', '2018-01-14', 5);
INSERT INTO material (tipoMaterial, area, instalacion, estado, datacompra, prezocompra) VALUES (12, 1, 2, 'Usado', '2018-01-14', 5);
INSERT INTO material (tipoMaterial, area, instalacion, estado, datacompra, prezocompra) VALUES (12, 2, 2, 'Perfecto', '2018-01-14', 5);
INSERT INTO material (tipoMaterial, area, instalacion, estado, datacompra, prezocompra) VALUES (12, 2, 2, 'Algo usado', '2018-01-14', 5);
INSERT INTO material (tipoMaterial, area, instalacion, estado, datacompra, prezocompra) VALUES (12, 2, 2, 'Bastante ben', '2018-01-14', 5);
INSERT INTO material (tipoMaterial, area, instalacion, estado, datacompra, prezocompra) VALUES (12, 3, 2, 'Algún defecto', '2018-01-14', 5);
INSERT INTO material (tipoMaterial, area, instalacion, estado, datacompra, prezocompra) VALUES (12, 3, 2, 'Algo descosido por un lado', '2018-01-14', 5);
INSERT INTO material (tipoMaterial, area, instalacion, estado, datacompra, prezocompra) VALUES (12, 3, 2, 'Sen defecto aparente', '2018-01-14', 5);

INSERT INTO material (tipoMaterial, area, instalacion, estado, datacompra, prezocompra) VALUES (13, 1, 2, 'Boa conservación', '2019-10-12', 10);
INSERT INTO material (tipoMaterial, area, instalacion, estado, datacompra, prezocompra) VALUES (13, 1, 2, 'Algo roto nunha esquina', '2019-10-12', 10);
INSERT INTO material (tipoMaterial, area, instalacion, estado, datacompra, prezocompra) VALUES (13, 1, 2, 'Practicamente sen detalles', '2019-10-12', 10);
INSERT INTO material (tipoMaterial, area, instalacion, estado, datacompra, prezocompra) VALUES (13, 1, 2, 'Pouco usado', '2019-10-12', 10);
INSERT INTO material (tipoMaterial, area, instalacion, estado, datacompra, prezocompra) VALUES (13, 2, 2, 'Perfecto', '2019-10-12', 10);
INSERT INTO material (tipoMaterial, area, instalacion, estado, datacompra, prezocompra) VALUES (13, 2, 2, 'Sen defectos', '2019-10-12', 10);
INSERT INTO material (tipoMaterial, area, instalacion, estado, datacompra, prezocompra) VALUES (13, 2, 2, 'Ben conservado', '2019-10-13', 20);
INSERT INTO material (tipoMaterial, area, instalacion, estado, datacompra, prezocompra) VALUES (13, 2, 2, 'Algún detalle de moito uso', '2019-10-13', 20);
INSERT INTO material (tipoMaterial, area, instalacion, estado, datacompra, prezocompra) VALUES (13, 3, 2, 'Bo aspecto', '2019-10-13', 20);
INSERT INTO material (tipoMaterial, area, instalacion, estado, datacompra, prezocompra) VALUES (13, 3, 2, 'Case roto', '2019-10-13', 20);

INSERT INTO material (tipoMaterial, area, instalacion, estado, datacompra, prezocompra) VALUES (14, 1, 2, 'Bo aspecto, sen rasguños', '2019-11-11', 90);
INSERT INTO material (tipoMaterial, area, instalacion, estado, datacompra, prezocompra) VALUES (14, 1, 2, 'Algo rasgada, pero sen máis defectos', '2019-11-11', 90);
INSERT INTO material (tipoMaterial, area, instalacion, estado, datacompra, prezocompra) VALUES (14, 2, 2, 'Sen defectos', '2018-11-21', 90);
INSERT INTO material (tipoMaterial, area, instalacion, estado, datacompra, prezocompra) VALUES (14, 2, 2, 'Bo aspecto', '2018-11-21', 90);
INSERT INTO material (tipoMaterial, area, instalacion, estado, datacompra, prezocompra) VALUES (14, 3, 2, 'Nova de todo', '2020-02-20', 100);
INSERT INTO material (tipoMaterial, area, instalacion, estado, datacompra, prezocompra) VALUES (14, 3, 2, 'Nova de todo', '2020-02-27', 100);

INSERT INTO material (tipoMaterial, area, instalacion, estado, datacompra, prezocompra) VALUES (15, 1, 3, 'Gran estado', '2019-02-11', 20);
INSERT INTO material (tipoMaterial, area, instalacion, estado, datacompra, prezocompra) VALUES (15, 1, 3, 'Sen problemas recentes', '2019-01-08', 20);

INSERT INTO material (tipoMaterial, area, instalacion, estado, datacompra, prezocompra) VALUES (16, 1, 3, 'Moi bo estado', '2020-01-22', 35);
INSERT INTO material (tipoMaterial, area, instalacion, estado, datacompra, prezocompra) VALUES (16, 1, 3, 'Sen usar prácticamente nunca', '2020-01-22', 35);

INSERT INTO material (tipoMaterial, area, instalacion, estado, datacompra, prezocompra) VALUES (17, 1, 3, 'Usado', '2018-07-11', 15);
INSERT INTO material (tipoMaterial, area, instalacion, estado, datacompra, prezocompra) VALUES (17, 1, 3, 'Sen usar', '2020-01-22', 15);
INSERT INTO material (tipoMaterial, area, instalacion, estado, datacompra, prezocompra) VALUES (17, 1, 3, 'Perfecto', '2018-12-29', 15);

INSERT INTO material (tipoMaterial, area, instalacion, estado, datacompra, prezocompra) VALUES (18, 1, 3, 'Recén mercado', '2020-03-11', 35);
INSERT INTO material (tipoMaterial, area, instalacion, estado, datacompra, prezocompra) VALUES (18, 1, 3, 'Recén mercado', '2020-03-11', 35);
INSERT INTO material (tipoMaterial, area, instalacion, estado, datacompra, prezocompra) VALUES (18, 1, 3, 'Usado', '2018-12-29', 45);
INSERT INTO material (tipoMaterial, area, instalacion, estado, datacompra, prezocompra) VALUES (18, 1, 3, 'Bastante usado', '2018-12-29', 45);

INSERT INTO material (tipoMaterial, area, instalacion, estado, datacompra, prezocompra) VALUES (19, 1, 4, 'Sen defectos', '2019-12-14', 80);
INSERT INTO material (tipoMaterial, area, instalacion, estado, datacompra, prezocompra) VALUES (19, 1, 4, 'Usada', '2019-12-14', 100);
INSERT INTO material (tipoMaterial, area, instalacion, estado, datacompra, prezocompra) VALUES (19, 1, 4, 'Algo gastada', '2019-12-14', 85);
INSERT INTO material (tipoMaterial, area, instalacion, estado, datacompra, prezocompra) VALUES (19, 1, 4, 'Cordaxe desgastado', '2019-12-14', 90);
INSERT INTO material (tipoMaterial, area, instalacion, estado, datacompra, prezocompra) VALUES (19, 2, 4, 'Bastante ben', '2019-12-14', 90);
INSERT INTO material (tipoMaterial, area, instalacion, estado, datacompra, prezocompra) VALUES (19, 2, 4, 'Conservada', '2017-11-12', 120);
INSERT INTO material (tipoMaterial, area, instalacion, estado, datacompra, prezocompra) VALUES (19, 2, 4, 'Algo gastada', '2017-11-12', 80);
INSERT INTO material (tipoMaterial, area, instalacion, estado, datacompra, prezocompra) VALUES (19, 2, 4, 'Ben', '2017-11-12', 85);
INSERT INTO material (tipoMaterial, area, instalacion, estado, datacompra, prezocompra) VALUES (19, 3, 4, 'Algo usada', '2019-02-07', 90);
INSERT INTO material (tipoMaterial, area, instalacion, estado, datacompra, prezocompra) VALUES (19, 3, 4, 'Perfecta', '2019-02-07', 100);
INSERT INTO material (tipoMaterial, area, instalacion, estado, datacompra, prezocompra) VALUES (19, 3, 4, 'Sen problema', '2019-02-07', 200);
INSERT INTO material (tipoMaterial, area, instalacion, estado, datacompra, prezocompra) VALUES (19, 3, 4, 'Algo gastada', '2019-02-07', 120);
INSERT INTO material (tipoMaterial, area, instalacion, estado, datacompra, prezocompra) VALUES (19, 4, 4, 'Ben conservada', '2019-02-07', 150);
INSERT INTO material (tipoMaterial, area, instalacion, estado, datacompra, prezocompra) VALUES (19, 4, 4, 'Cordaxe desgastado', '2019-02-07', 100);
INSERT INTO material (tipoMaterial, area, instalacion, estado, datacompra, prezocompra) VALUES (19, 4, 4, 'Sen desgaste aparente', '2019-02-07', 110);

INSERT INTO material (tipoMaterial, area, instalacion, estado, datacompra, prezocompra) VALUES (20, 1, 4, 'Perfecto bote', '2019-12-30', 10);
INSERT INTO material (tipoMaterial, area, instalacion, estado, datacompra, prezocompra) VALUES (20, 1, 4, 'Ben conservada', '2019-12-30', 10);
INSERT INTO material (tipoMaterial, area, instalacion, estado, datacompra, prezocompra) VALUES (20, 1, 4, 'Con algún problema', '2019-12-30', 20);
INSERT INTO material (tipoMaterial, area, instalacion, estado, datacompra, prezocompra) VALUES (20, 2, 4, 'Gastada', '2019-12-30', 10);
INSERT INTO material (tipoMaterial, area, instalacion, estado, datacompra, prezocompra) VALUES (20, 2, 4, 'Con algún defecto', '2019-12-30', 20);
INSERT INTO material (tipoMaterial, area, instalacion, estado, datacompra, prezocompra) VALUES (20, 3, 4, 'Sen defectos aparentes', '2020-02-01', 20);
INSERT INTO material (tipoMaterial, area, instalacion, estado, datacompra, prezocompra) VALUES (20, 3, 4, 'Sen defectos a priori', '2020-02-01', 10);
INSERT INTO material (tipoMaterial, area, instalacion, estado, datacompra, prezocompra) VALUES (20, 3, 4, 'Perfecto', '2020-02-01', 20);
INSERT INTO material (tipoMaterial, area, instalacion, estado, datacompra, prezocompra) VALUES (20, 4, 4, 'Algun rasguño', '2020-02-01', 30);
INSERT INTO material (tipoMaterial, area, instalacion, estado, datacompra, prezocompra) VALUES (20, 4, 4, 'Sen rasguños', '2020-02-01', 10);

INSERT INTO material (tipoMaterial, area, instalacion, estado, datacompra, prezocompra) VALUES (21, 1, 4, 'Perfecta e moi resistente', '2020-01-04', 400);
INSERT INTO material (tipoMaterial, area, instalacion, estado, datacompra, prezocompra) VALUES (21, 2, 4, 'Sen rasguños', '2017-02-20', 250);
INSERT INTO material (tipoMaterial, area, instalacion, estado, datacompra, prezocompra) VALUES (21, 2, 4, 'Algún defecto', '2019-02-01', 240);
INSERT INTO material (tipoMaterial, area, instalacion, estado, datacompra, prezocompra) VALUES (21, 3, 4, 'Algo gastada', '2017-02-20', 100);
INSERT INTO material (tipoMaterial, area, instalacion, estado, datacompra, prezocompra) VALUES (21, 4, 4, 'Moi bo', '2020-01-04', 300);

INSERT INTO material (tipoMaterial, area, instalacion, estado, datacompra, prezocompra) VALUES (22, 1, 5, 'Bo bote', '2020-01-11', 30);
INSERT INTO material (tipoMaterial, area, instalacion, estado, datacompra, prezocompra) VALUES (22, 2, 5, 'Bote reguleiro', '2018-12-20', 30);

-----------------INCIDENCIAS AREAS--------------------

INSERT INTO incidenciaArea (area,instalacion,usuario,descricion,comentarioresolucion,datafalla,dataresolucion,custoreparacion) VALUES (1,1,'lucasPersoal','Lorem ipsum dolor sit amet  consectetur adipiscing elit. Vestibulum imperdiet scelerisque dolor.',NULL,'2020-01-25 02:32:50',NULL, NULL);
INSERT INTO incidenciaArea (area,instalacion,usuario,descricion,comentarioresolucion,datafalla,dataresolucion,custoreparacion) VALUES (2,1,'estherSocio','Lorem ipsum dolor sit amet  consectetur adipiscing elit. Vestibulum imperdiet scelerisque dolor.',NULL,'2020-01-25 02:32:50',NULL, NULL);
INSERT INTO incidenciaArea (area,instalacion,usuario,descricion,comentarioresolucion,datafalla,dataresolucion,custoreparacion) VALUES (3,1,'mariaSocio','Lorem ipsum dolor sit amet  consectetur adipiscing elit. Vestibulum imperdiet scelerisque dolor.',NULL,'2020-01-25 02:32:50',NULL, NULL);
INSERT INTO incidenciaArea (area,instalacion,usuario,descricion,comentarioresolucion,datafalla,dataresolucion,custoreparacion) VALUES (4,1,'mariaSocio','Lorem ipsum dolor sit amet  consectetur adipiscing elit. Vestibulum imperdiet scelerisque dolor.',NULL,'2020-01-25 02:32:50',NULL, NULL);
INSERT INTO incidenciaArea (area,instalacion,usuario,descricion,comentarioresolucion,datafalla,dataresolucion,custoreparacion) VALUES (1,2,'lucasPersoal','Lorem ipsum dolor sit amet  consectetur adipiscing elit. Vestibulum imperdiet scelerisque dolor.',NULL,'2020-01-25 02:32:50',NULL, NULL);
INSERT INTO incidenciaArea (area,instalacion,usuario,descricion,comentarioresolucion,datafalla,dataresolucion,custoreparacion) VALUES (2,2,'lucasPersoal','Lorem ipsum dolor sit amet  consectetur adipiscing elit. Vestibulum imperdiet scelerisque dolor.',NULL,'2020-01-25 02:32:50',NULL, NULL);

-----------------INCIDENCIAS MATERIAL--------------------

INSERT INTO incidenciaMaterial (material,tipomaterial,usuario,descricion,comentarioresolucion,datafalla,dataresolucion,custoreparacion) VALUES (1,1,'lucasPersoal','Lorem ipsum dolor sit amet  consectetur adipiscing elit. Vestibulum imperdiet scelerisque dolor.',NULL,'2020-01-25 02:32:50',NULL, NULL);
INSERT INTO incidenciaMaterial (material,tipomaterial,usuario,descricion,comentarioresolucion,datafalla,dataresolucion,custoreparacion) VALUES (2,1,'estherSocio','Lorem ipsum dolor sit amet  consectetur adipiscing elit. Vestibulum imperdiet scelerisque dolor.',NULL,'2020-01-25 02:32:50',NULL, NULL);
INSERT INTO incidenciaMaterial (material,tipomaterial,usuario,descricion,comentarioresolucion,datafalla,dataresolucion,custoreparacion) VALUES (2,1,'mariaSocio','Lorem ipsum dolor sit amet  consectetur adipiscing elit. Vestibulum imperdiet scelerisque dolor.',NULL,'2020-01-25 02:32:50',NULL, NULL);
INSERT INTO incidenciaMaterial (material,tipomaterial,usuario,descricion,comentarioresolucion,datafalla,dataresolucion,custoreparacion) VALUES (2,1,'mariaSocio','Lorem ipsum dolor sit amet  consectetur adipiscing elit. Vestibulum imperdiet scelerisque dolor.',NULL,'2020-01-25 02:32:50',NULL, NULL);
INSERT INTO incidenciaMaterial (material,tipomaterial,usuario,descricion,comentarioresolucion,datafalla,dataresolucion,custoreparacion) VALUES (1,1,'lucasPersoal','Lorem ipsum dolor sit amet  consectetur adipiscing elit. Vestibulum imperdiet scelerisque dolor.',NULL,'2020-01-25 02:32:50',NULL, NULL);
INSERT INTO incidenciaMaterial (material,tipomaterial,usuario,descricion,comentarioresolucion,datafalla,dataresolucion,custoreparacion) VALUES (1,1,'lucasPersoal','Lorem ipsum dolor sit amet  consectetur adipiscing elit. Vestibulum imperdiet scelerisque dolor.',NULL,'2020-01-25 02:32:50',NULL, NULL);

------------------TIPO DE ACTIVIDADE-------------------
INSERT INTO tipoactividade (nome, descricion) VALUES ('Carreiras', 'Categoría para os máis corredores da casa');
INSERT INTO tipoactividade (nome, descricion) VALUES ('Salto de altura', 'Para aqueles que queiran tocar o ceo');
INSERT INTO tipoactividade (nome, descricion) VALUES ('Salto de lonxitude', 'Para os que queiran saltar dunha casa á outra');
INSERT INTO tipoactividade (nome, descricion) VALUES ('Lanzamento de disco', 'Para os que queiran desatar a súa forza');
INSERT INTO tipoactividade (nome, descricion) VALUES ('Lanzamento de xabalina', 'O clásico lanzamento de xabalina');
INSERT INTO tipoactividade (nome, descricion) VALUES ('Baloncesto', 'Actividades para os máis encestadores');
INSERT INTO tipoactividade (nome, descricion) VALUES ('Padel', 'Actividades relativas ao padel');
INSERT INTO tipoactividade (nome, descricion) VALUES ('Relaxación', 'Para os que están nerviosos cos exames');
INSERT INTO tipoactividade (nome, descricion) VALUES ('Frontón', 'Para atrevidos');
INSERT INTO tipoactividade (nome, descricion) VALUES ('Futbol', 'Actividades relacionadas co deporte rei');
INSERT INTO tipoactividade (nome, descricion) VALUES ('Futbol infantil', 'Futbol para os raparigos');
INSERT INTO tipoactividade (nome, descricion) VALUES ('Bailes latinos', 'Para os que queren mover o esqueleto');
INSERT INTO tipoactividade (nome, descricion) VALUES ('Zumba', 'Para os que queren deixalo todo na pista');
INSERT INTO tipoactividade (nome, descricion) VALUES ('Balonmán', 'Actividades sobre balonmán');
INSERT INTO tipoactividade (nome, descricion) VALUES ('Fútbol sala', 'Actividades relacionadas con este gran deporte');
INSERT INTO tipoactividade (nome, descricion) VALUES ('Tenis', 'Para os que queiran practicar este gran deporte, todas as idades.');
INSERT INTO tipoactividade (nome, descricion) VALUES ('Carreiras de natación', 'Para os que queiran mellorar nesta disciplina da natación.');
INSERT INTO tipoactividade (nome, descricion) VALUES ('Saltos de natación', 'Para os que se atreven a saltar dende alturas inimaxinábeis.');


------------------CAPACIDADE PERSOAL-------------------
INSERT INTO estarcapacitado (tipoactividade, persoal) VALUES (1, 'manuelPersoal');
INSERT INTO estarcapacitado (tipoactividade, persoal) VALUES (1, 'soniaPersoal');
INSERT INTO estarcapacitado (tipoactividade, persoal) VALUES (1, 'luciaPersoal');
INSERT INTO estarcapacitado (tipoactividade, persoal) VALUES (2, 'luciaPersoal');
INSERT INTO estarcapacitado (tipoactividade, persoal) VALUES (2, 'martaPersoal');
INSERT INTO estarcapacitado (tipoactividade, persoal) VALUES (2, 'soniaPersoal');
INSERT INTO estarcapacitado (tipoactividade, persoal) VALUES (3, 'luciaPersoal');
INSERT INTO estarcapacitado (tipoactividade, persoal) VALUES (4, 'manuelPersoal');
INSERT INTO estarcapacitado (tipoactividade, persoal) VALUES (4, 'martaPersoal');
INSERT INTO estarcapacitado (tipoactividade, persoal) VALUES (5, 'manuelPersoal');
INSERT INTO estarcapacitado (tipoactividade, persoal) VALUES (5, 'soniaPersoal');
INSERT INTO estarcapacitado (tipoactividade, persoal) VALUES (6, 'soniaPersoal');
INSERT INTO estarcapacitado (tipoactividade, persoal) VALUES (6, 'luciaPersoal');
INSERT INTO estarcapacitado (tipoactividade, persoal) VALUES (6, 'martaPersoal');
INSERT INTO estarcapacitado (tipoactividade, persoal) VALUES (7, 'manuelPersoal');
INSERT INTO estarcapacitado (tipoactividade, persoal) VALUES (8, 'luciaPersoal');
INSERT INTO estarcapacitado (tipoactividade, persoal) VALUES (8, 'soniaPersoal');
INSERT INTO estarcapacitado (tipoactividade, persoal) VALUES (9, 'manuelPersoal');
INSERT INTO estarcapacitado (tipoactividade, persoal) VALUES (10, 'sofiaPersoal');
INSERT INTO estarcapacitado (tipoactividade, persoal) VALUES (10, 'soniaPersoal');
INSERT INTO estarcapacitado (tipoactividade, persoal) VALUES (11, 'sofiaPersoal');
INSERT INTO estarcapacitado (tipoactividade, persoal) VALUES (12, 'test0');
INSERT INTO estarcapacitado (tipoactividade, persoal) VALUES (12, 'sofiaPersoal');
INSERT INTO estarcapacitado (tipoactividade, persoal) VALUES (13, 'test0');
INSERT INTO estarcapacitado (tipoactividade, persoal) VALUES (14, 'manuelPersoal');
INSERT INTO estarcapacitado (tipoactividade, persoal) VALUES (14, 'luciaPersoal');
INSERT INTO estarcapacitado (tipoactividade, persoal) VALUES (14, 'sofiaPersoal');
INSERT INTO estarcapacitado (tipoactividade, persoal) VALUES (15, 'martaPersoal');
INSERT INTO estarcapacitado (tipoactividade, persoal) VALUES (16, 'manuelPersoal');
INSERT INTO estarcapacitado (tipoactividade, persoal) VALUES (16, 'luciaPersoal');
INSERT INTO estarcapacitado (tipoactividade, persoal) VALUES (17, 'martaPersoal');
INSERT INTO estarcapacitado (tipoactividade, persoal) VALUES (17, 'sofiaPersoal');
INSERT INTO estarcapacitado (tipoactividade, persoal) VALUES (18, 'soniaPersoal');

------------------CURSO-------------------
INSERT INTO curso (nome, descricion, prezo, aberto) VALUES ('Curso de atletismo variado', 'Practicaremos diferentes modalidades desta disciplina.', 25, false);
INSERT INTO curso (nome, descricion, prezo, aberto) VALUES ('Futbol avanzado', 'Curso adicado aos máis especialistas neste deporte.', 40, false);
INSERT INTO curso (nome, descricion, prezo, aberto) VALUES ('Baloncesto para todos', 'Este curso servirá para introducir este deporte aos novos pero tamén para todos os demais', 25, false);
INSERT INTO curso (nome, descricion, prezo, aberto) VALUES ('Movemento', 'Actividades variadas para exercitarse', 30, false);
INSERT INTO curso (nome, descricion, prezo, aberto) VALUES ('Curso de natación introductorio', 'Neste curso introduciremos ideas basicas da natación.', 30, false);

------------------ACTIVIDADE (PARA OS CURSOS ANTERIORES)-------------------
INSERT INTO actividade (dataactividade, area, instalacion, tipoactividade, curso, profesor, nome, duracion) VALUES ('2019-10-02 10:00:00.00', 1, 1, 1, 1, 'manuelPersoal', 'Introdución ás carreiras', 2);
INSERT INTO actividade (dataactividade, area, instalacion, tipoactividade, curso, profesor, nome, duracion) VALUES ('2019-10-02 12:00:00.00', 1, 1, 2, 1, 'martaPersoal', 'Introdución aos saltos de altura', 1);
INSERT INTO actividade (dataactividade, area, instalacion, tipoactividade, curso, profesor, nome, duracion) VALUES ('2019-10-05 15:00:00.00', 1, 1, 3, 1, 'luciaPersoal', 'Introdución aos saltos de lonxitude', 1.5);
INSERT INTO actividade (dataactividade, area, instalacion, tipoactividade, curso, profesor, nome, duracion) VALUES ('2019-10-05 18:00:00.00', 1, 1, 4, 1, 'martaPersoal', 'Introdución ao lanzamento de disco', 1.5);
INSERT INTO actividade (dataactividade, area, instalacion, tipoactividade, curso, profesor, nome, duracion) VALUES ('2019-10-08 12:00:00.00', 1, 1, 5, 1, 'manuelPersoal', 'Introdución ao lanzamento de xabalina', 1);

INSERT INTO actividade (dataactividade, area, instalacion, tipoactividade, curso, profesor, nome, duracion) VALUES ('2019-10-05 15:00:00.00', 1, 2, 10, 2, 'soniaPersoal', 'Avaliación de competencias iniciais', 3);
INSERT INTO actividade (dataactividade, area, instalacion, tipoactividade, curso, profesor, nome, duracion) VALUES ('2019-10-06 15:00:00.00', 2, 2, 10, 2, 'soniaPersoal', 'Entrenamentos avanzados', 2);
INSERT INTO actividade (dataactividade, area, instalacion, tipoactividade, curso, profesor, nome, duracion) VALUES ('2019-10-07 15:00:00.00', 1, 2, 10, 2, 'soniaPersoal', 'Regates avanzados', 2);
INSERT INTO actividade (dataactividade, area, instalacion, tipoactividade, curso, profesor, nome, duracion) VALUES ('2019-10-08 16:00:00.00', 1, 2, 10, 2, 'soniaPersoal', 'Mellorando disparo', 1);
INSERT INTO actividade (dataactividade, area, instalacion, tipoactividade, curso, profesor, nome, duracion) VALUES ('2019-10-08 17:00:00.00', 1, 2, 10, 2, 'soniaPersoal', 'Mellorando defensa', 1);
INSERT INTO actividade (dataactividade, area, instalacion, tipoactividade, curso, profesor, nome, duracion) VALUES ('2019-10-09 17:00:00.00', 2, 2, 10, 2, 'soniaPersoal', 'Entrenamento previo ao partido final', 3);
INSERT INTO actividade (dataactividade, area, instalacion, tipoactividade, curso, profesor, nome, duracion) VALUES ('2019-10-12 17:00:00.00', 2, 2, 10, 2, 'soniaPersoal', 'Partido de fútbol final', 4);

INSERT INTO actividade (dataactividade, area, instalacion, tipoactividade, curso, profesor, nome, duracion) VALUES ('2019-11-05 12:00:00.00', 2, 1, 6, 3, 'martaPersoal', 'Introdución ao baloncesto', 2);
INSERT INTO actividade (dataactividade, area, instalacion, tipoactividade, curso, profesor, nome, duracion) VALUES ('2019-11-10 12:00:00.00', 2, 1, 6, 3, 'martaPersoal', 'Introdución ao baloncesto', 2);
INSERT INTO actividade (dataactividade, area, instalacion, tipoactividade, curso, profesor, nome, duracion) VALUES ('2019-11-15 12:00:00.00', 2, 1, 6, 3, 'soniaPersoal', 'Mellora de pases e tiros', 2);
INSERT INTO actividade (dataactividade, area, instalacion, tipoactividade, curso, profesor, nome, duracion) VALUES ('2019-11-20 12:00:00.00', 2, 1, 6, 3, 'soniaPersoal', 'Practica de pases e lanzamentos a longa distancia', 2);
INSERT INTO actividade (dataactividade, area, instalacion, tipoactividade, curso, profesor, nome, duracion) VALUES ('2019-11-25 12:00:00.00', 2, 1, 6, 3, 'soniaPersoal', 'Introdución a un entrenamento profesional', 3);
INSERT INTO actividade (dataactividade, area, instalacion, tipoactividade, curso, profesor, nome, duracion) VALUES ('2019-11-30 18:00:00.00', 2, 1, 6, 3, 'soniaPersoal', 'Partido de baloncesto', 3);

INSERT INTO actividade (dataactividade, area, instalacion, tipoactividade, curso, profesor, nome, duracion) VALUES ('2019-12-09 18:00:00.00', 1, 3, 12, 4, 'test0', 'Sesión de bailes variados', 2);
INSERT INTO actividade (dataactividade, area, instalacion, tipoactividade, curso, profesor, nome, duracion) VALUES ('2019-12-12 20:00:00.00', 1, 3, 12, 4, 'sofiaPersoal', 'Clase de bachata', 1.5);
INSERT INTO actividade (dataactividade, area, instalacion, tipoactividade, curso, profesor, nome, duracion) VALUES ('2019-12-15 15:00:00.00', 1, 3, 12, 4, 'test0', 'Clase de salsa e merengue', 2.5);
INSERT INTO actividade (dataactividade, area, instalacion, tipoactividade, curso, profesor, nome, duracion) VALUES ('2020-01-09 17:00:00.00', 1, 3, 12, 4, 'sofiaPersoal', 'Baile libre', 2);
INSERT INTO actividade (dataactividade, area, instalacion, tipoactividade, curso, profesor, nome, duracion) VALUES ('2020-01-12 20:00:00.00', 1, 3, 12, 4, 'sofiaPersoal', 'Clase de cumbia', 2.5);
INSERT INTO actividade (dataactividade, area, instalacion, tipoactividade, curso, profesor, nome, duracion) VALUES ('2020-01-15 18:00:00.00', 1, 3, 13, 4, 'test0', 'Zumba para principiantes', 1);
INSERT INTO actividade (dataactividade, area, instalacion, tipoactividade, curso, profesor, nome, duracion) VALUES ('2020-02-09 20:00:00.00', 1, 3, 13, 4, 'test0', 'Zumba avanzado', 1);

INSERT INTO actividade (dataactividade, area, instalacion, tipoactividade, curso, profesor, nome, duracion) VALUES ('2020-06-20 11:00:00.00', 1, 5, 17, 5, 'sofiaPersoal', 'Introdución ao básico', 2);
INSERT INTO actividade (dataactividade, area, instalacion, tipoactividade, curso, profesor, nome, duracion) VALUES ('2020-06-30 11:00:00.00', 2, 5, 18, 5, 'soniaPersoal', 'Introdución aos saltos', 3.5);
INSERT INTO actividade (dataactividade, area, instalacion, tipoactividade, curso, profesor, nome, duracion) VALUES ('2020-07-10 11:00:00.00', 3, 5, 17, 5, 'sofiaPersoal', 'Carreiras', 1.5);
INSERT INTO actividade (dataactividade, area, instalacion, tipoactividade, curso, profesor, nome, duracion) VALUES ('2020-07-10 12:30:00.00', 4, 5, 8, 5, 'soniaPersoal', 'Relaxación e descanso', 1);
INSERT INTO actividade (dataactividade, area, instalacion, tipoactividade, curso, profesor, nome, duracion) VALUES ('2020-07-15 15:00:00.00', 2, 5, 18, 5, 'soniaPersoal', 'Saltos máis avanzados', 3.5);
INSERT INTO actividade (dataactividade, area, instalacion, tipoactividade, curso, profesor, nome, duracion) VALUES ('2020-07-20 16:00:00.00', 1, 5, 18, 5, 'sofiaPersoal', 'Realización de carreiras diversas', 1.5);

--Coas actividades insertadas xa poderemos deixar como abertos os cursos (no noso caso estarán todos abertos):
UPDATE curso SET aberto = true;

------------------ACTIVIDADE (OUTRAS)-------------------
INSERT INTO actividade (dataactividade, area, instalacion, tipoactividade, profesor, nome, duracion) VALUES ('2019-10-01 16:00:00.00', 1, 1, 1, 'manuelPersoal', 'Entrenamento adaptado para correr', 1.5);
INSERT INTO actividade (dataactividade, area, instalacion, tipoactividade, profesor, nome, duracion) VALUES ('2019-10-06 18:00:00.00', 1, 1, 1, 'manuelPersoal', 'Obradoiro de carreiras', 1.5);
INSERT INTO actividade (dataactividade, area, instalacion, tipoactividade, profesor, nome, duracion) VALUES ('2019-11-14 19:00:00.00', 2, 1, 6, 'luciaPersoal', 'Básicos de Baloncesto', 1.5);
INSERT INTO actividade (dataactividade, area, instalacion, tipoactividade, profesor, nome, duracion) VALUES ('2019-11-18 19:00:00.00', 2, 1, 6, 'soniaPersoal', 'Básicos de Baloncesto', 1.5);
INSERT INTO actividade (dataactividade, area, instalacion, tipoactividade, profesor, nome, duracion) VALUES ('2019-11-18 19:00:00.00', 3, 1, 7, 'manuelPersoal', 'Iniciación a pádel', 2.5);
INSERT INTO actividade (dataactividade, area, instalacion, tipoactividade, profesor, nome, duracion) VALUES ('2019-11-21 17:00:00.00', 3, 1, 7, 'manuelPersoal', 'Iniciación a pádel', 2.5);
INSERT INTO actividade (dataactividade, area, instalacion, tipoactividade, profesor, nome, duracion) VALUES ('2019-11-22 11:00:00.00', 3, 3, 7, 'manuelPersoal', 'Charla sobre aspectos técnicos', 1);
INSERT INTO actividade (dataactividade, area, instalacion, tipoactividade, profesor, nome, duracion) VALUES ('2019-11-28 11:00:00.00', 3, 3, 8, 'soniaPersoal', 'Charla sobre meditación', 1);
INSERT INTO actividade (dataactividade, area, instalacion, tipoactividade, profesor, nome, duracion) VALUES ('2019-12-11 17:00:00.00', 1, 3, 9, 'manuelPersoal', 'Iniciación no frontón', 2.5);
INSERT INTO actividade (dataactividade, area, instalacion, tipoactividade, profesor, nome, duracion) VALUES ('2019-12-15 18:00:00.00', 1, 3, 9, 'manuelPersoal', 'Iniciación no frontón', 2.5);
INSERT INTO actividade (dataactividade, area, instalacion, tipoactividade, profesor, nome, duracion) VALUES ('2019-12-29 9:00:00.00', 2, 2, 10, 'sofiaPersoal', 'Entrenamento de fútbol semiprofesional', 2.5);
INSERT INTO actividade (dataactividade, area, instalacion, tipoactividade, profesor, nome, duracion) VALUES ('2019-12-30 9:00:00.00', 2, 2, 10, 'sofiaPersoal', 'Entrenamento de fútbol semiprofesional', 2.5);
INSERT INTO actividade (dataactividade, area, instalacion, tipoactividade, profesor, nome, duracion) VALUES ('2019-12-31 9:00:00.00', 2, 2, 10, 'sofiaPersoal', 'Entrenamento de fútbol semiprofesional', 2.5);
INSERT INTO actividade (dataactividade, area, instalacion, tipoactividade, profesor, nome, duracion) VALUES ('2020-01-12 9:00:00.00', 2, 2, 11, 'sofiaPersoal', 'Entrenamento de fútbol 7', 2.5);
INSERT INTO actividade (dataactividade, area, instalacion, tipoactividade, profesor, nome, duracion) VALUES ('2020-01-19 18:00:00.00', 1, 3, 13, 'test0', 'Cursiño de Zumba', 1.5);
INSERT INTO actividade (dataactividade, area, instalacion, tipoactividade, profesor, nome, duracion) VALUES ('2020-01-24 14:00:00.00', 1, 3, 13, 'test0', 'Cursiño de Zumba', 1.5);
INSERT INTO actividade (dataactividade, area, instalacion, tipoactividade, profesor, nome, duracion) VALUES ('2020-01-27 16:00:00.00', 1, 3, 14, 'sofiaPersoal', 'Introdución ao Balonmán', 2.5);
INSERT INTO actividade (dataactividade, area, instalacion, tipoactividade, profesor, nome, duracion) VALUES ('2020-01-28 16:00:00.00', 1, 3, 14, 'sofiaPersoal', 'Introdución ao Balonmán', 2.5);
INSERT INTO actividade (dataactividade, area, instalacion, tipoactividade, profesor, nome, duracion) VALUES ('2020-02-11 18:00:00.00', 1, 3, 15, 'martaPersoal', 'Aspectos técnicos de Futbol Sala', 1.5);
INSERT INTO actividade (dataactividade, area, instalacion, tipoactividade, profesor, nome, duracion) VALUES ('2020-02-11 19:00:00.00', 1, 4, 16, 'manuelPersoal', 'Introdución ao tenis', 1.5);
INSERT INTO actividade (dataactividade, area, instalacion, tipoactividade, profesor, nome, duracion) VALUES ('2020-02-15 20:00:00.00', 2, 4, 16, 'manuelPersoal', 'Introdución ao tenis', 1.5);
INSERT INTO actividade (dataactividade, area, instalacion, tipoactividade, profesor, nome, duracion) VALUES ('2020-02-21 15:00:00.00', 1, 4, 16, 'manuelPersoal', 'Obradoiro de saque', 2);
INSERT INTO actividade (dataactividade, area, instalacion, tipoactividade, profesor, nome, duracion) VALUES ('2020-04-21 18:00:00.00', 1, 4, 16, 'manuelPersoal', 'Obradoiro de golpes defensivos', 1);
INSERT INTO actividade (dataactividade, area, instalacion, tipoactividade, profesor, nome, duracion) VALUES ('2020-04-28 20:00:00.00', 3, 4, 16, 'luciaPersoal', 'Obradoiro de golpes ofensivos', 1.5);
INSERT INTO actividade (dataactividade, area, instalacion, tipoactividade, profesor, nome, duracion) VALUES ('2020-05-20 16:00:00.00', 4, 5, 17, 'martaPersoal', 'Fundamentos da natación, charla', 1.5);
INSERT INTO actividade (dataactividade, area, instalacion, tipoactividade, profesor, nome, duracion) VALUES ('2020-05-22 17:00:00.00', 1, 5, 17, 'sofiaPersoal', 'Fundamentos da natación, clase práctica', 3);
INSERT INTO actividade (dataactividade, area, instalacion, tipoactividade, profesor, nome, duracion) VALUES ('2020-05-23 17:00:00.00', 1, 5, 17, 'sofiaPersoal', 'Fundamentos da natación, clase práctica', 3);
INSERT INTO actividade (dataactividade, area, instalacion, tipoactividade, profesor, nome, duracion) VALUES ('2020-05-30 18:00:00.00', 2, 5, 17, 'soniaPersoal', 'Demostración e iniciación a saltos', 3);

--Actividades para que aparezan na cuota
INSERT INTO actividade (dataactividade, area, instalacion, tipoactividade, profesor, nome, duracion) VALUES ('2020-05-01 18:00:00.00', 1, 1, 1, 'manuelPersoal', 'Lorem', 0.1);
INSERT INTO actividade (dataactividade, area, instalacion, tipoactividade, profesor, nome, duracion) VALUES ('2020-05-01 18:10:00.00', 1, 2, 2, 'manuelPersoal', 'ipsum ', 0.1);
INSERT INTO actividade (dataactividade, area, instalacion, tipoactividade, profesor, nome, duracion) VALUES ('2020-05-01 18:20:00.00', 1, 3, 3, 'manuelPersoal', 'dolor ', 0.1);
INSERT INTO actividade (dataactividade, area, instalacion, tipoactividade, profesor, nome, duracion) VALUES ('2020-05-01 18:30:00.00', 1, 4, 4, 'manuelPersoal', 'amet', 0.1);
INSERT INTO actividade (dataactividade, area, instalacion, tipoactividade, profesor, nome, duracion) VALUES ('2020-05-02 18:40:00.00', 1, 1, 5, 'manuelPersoal', 'consectetur ', 0.1);
INSERT INTO actividade (dataactividade, area, instalacion, tipoactividade, profesor, nome, duracion) VALUES ('2020-05-02 18:50:00.00', 1, 2, 1, 'manuelPersoal', 'adipiscing ', 0.1);
INSERT INTO actividade (dataactividade, area, instalacion, tipoactividade, profesor, nome, duracion) VALUES ('2020-05-02 19:00:00.00', 1, 3, 2, 'manuelPersoal', 'Curabitur ', 0.1);
INSERT INTO actividade (dataactividade, area, instalacion, tipoactividade, profesor, nome, duracion) VALUES ('2020-05-02 19:10:00.00', 1, 4, 3, 'manuelPersoal', 'elementum', 0.1);
INSERT INTO actividade (dataactividade, area, instalacion, tipoactividade, profesor, nome, duracion) VALUES ('2020-05-03 19:20:00.00', 1, 1, 4, 'manuelPersoal', 'tristique ', 0.1);
INSERT INTO actividade (dataactividade, area, instalacion, tipoactividade, profesor, nome, duracion) VALUES ('2020-05-03 19:30:00.00', 1, 2, 5, 'manuelPersoal', 'felis ', 0.1);
INSERT INTO actividade (dataactividade, area, instalacion, tipoactividade, profesor, nome, duracion) VALUES ('2020-05-03 19:40:00.00', 1, 3, 1, 'manuelPersoal', 'faucibus ', 0.1);
INSERT INTO actividade (dataactividade, area, instalacion, tipoactividade, profesor, nome, duracion) VALUES ('2020-05-03 19:50:00.00', 1, 4, 2, 'manuelPersoal', 'ligula', 0.1);
INSERT INTO actividade (dataactividade, area, instalacion, tipoactividade, profesor, nome, duracion) VALUES ('2020-05-04 20:00:00.00', 1, 1, 3, 'manuelPersoal', 'Integer ', 0.1);
INSERT INTO actividade (dataactividade, area, instalacion, tipoactividade, profesor, nome, duracion) VALUES ('2020-05-04 20:10:00.00', 1, 2, 4, 'manuelPersoal', 'eget ', 0.1);
INSERT INTO actividade (dataactividade, area, instalacion, tipoactividade, profesor, nome, duracion) VALUES ('2020-05-04 20:20:00.00', 1, 3, 5, 'manuelPersoal', 'tincidunt ', 0.1);
INSERT INTO actividade (dataactividade, area, instalacion, tipoactividade, profesor, nome, duracion) VALUES ('2020-05-04 20:30:00.00', 1, 4, 1, 'manuelPersoal', 'urna', 0.1);
INSERT INTO actividade (dataactividade, area, instalacion, tipoactividade, profesor, nome, duracion) VALUES ('2020-05-04 20:40:00.00', 1, 1, 2, 'manuelPersoal', 'hendrerit ', 0.1);
INSERT INTO actividade (dataactividade, area, instalacion, tipoactividade, profesor, nome, duracion) VALUES ('2020-05-05 20:50:00.00', 1, 2, 3, 'manuelPersoal', 'Nulla ', 0.1);
INSERT INTO actividade (dataactividade, area, instalacion, tipoactividade, profesor, nome, duracion) VALUES ('2020-05-05 17:00:00.00', 1, 3, 4, 'manuelPersoal', 'facilisis ', 0.1);
INSERT INTO actividade (dataactividade, area, instalacion, tipoactividade, profesor, nome, duracion) VALUES ('2020-05-05 17:10:00.00', 1, 4, 5, 'manuelPersoal', 'nunc ', 0.1);
INSERT INTO actividade (dataactividade, area, instalacion, tipoactividade, profesor, nome, duracion) VALUES ('2020-05-05 17:20:00.00', 1, 1, 1, 'manuelPersoal', 'tincidunt', 0.1);
INSERT INTO actividade (dataactividade, area, instalacion, tipoactividade, profesor, nome, duracion) VALUES ('2020-05-05 17:30:00.00', 1, 2, 2, 'manuelPersoal', 'Phasellus ', 0.1);
INSERT INTO actividade (dataactividade, area, instalacion, tipoactividade, profesor, nome, duracion) VALUES ('2020-05-06 17:40:00.00', 1, 3, 3, 'manuelPersoal', 'imperdiet ', 0.1);
INSERT INTO actividade (dataactividade, area, instalacion, tipoactividade, profesor, nome, duracion) VALUES ('2020-05-06 17:50:00.00', 1, 4, 4, 'manuelPersoal', 'pulvinar ', 0.1);

------------------SOCIO->CURSO-------------------
INSERT INTO realizarcurso (curso, usuario) VALUES (1, 'raulSocio');
INSERT INTO realizarcurso (curso, usuario) VALUES (1, 'mariaSocio');
INSERT INTO realizarcurso (curso, usuario) VALUES (1, 'miguelSocio');
INSERT INTO realizarcurso (curso, usuario) VALUES (2, 'mariaSocio');
INSERT INTO realizarcurso (curso, usuario) VALUES (2, 'nuriaSocio');
INSERT INTO realizarcurso (curso, usuario) VALUES (2, 'pedroSocio');
INSERT INTO realizarcurso (curso, usuario) VALUES (2, 'nataliaSocio');
INSERT INTO realizarcurso (curso, usuario) VALUES (3, 'nataliaSocio');
INSERT INTO realizarcurso (curso, usuario) VALUES (3, 'sergioSocio');
INSERT INTO realizarcurso (curso, usuario) VALUES (3, 'andreaSocio');
INSERT INTO realizarcurso (curso, usuario) VALUES (4, 'nuriaSocio');
INSERT INTO realizarcurso (curso, usuario) VALUES (4, 'nataliaSocio');
INSERT INTO realizarcurso (curso, usuario) VALUES (4, 'teresaSocio');
INSERT INTO realizarcurso (curso, usuario) VALUES (5, 'pedroSocio');
INSERT INTO realizarcurso (curso, usuario) VALUES (5, 'teresaSocio');
------------------SOCIO->ACTIVIDADE-------------------

INSERT INTO realizaractividade VALUES ('2020-05-01 18:00:00.00',1,1,'sergioSocio',NULL);
INSERT INTO realizaractividade VALUES ('2020-05-01 18:10:00.00',1,2,'sergioSocio',NULL);
INSERT INTO realizaractividade VALUES ('2020-05-01 18:20:00.00',1,3,'sergioSocio',NULL);
INSERT INTO realizaractividade VALUES ('2020-05-01 18:30:00.00',1,4,'sergioSocio',NULL);
INSERT INTO realizaractividade VALUES ('2020-05-02 18:40:00.00',1,1,'sergioSocio',NULL);
INSERT INTO realizaractividade VALUES ('2020-05-02 18:50:00.00',1,2,'sergioSocio',NULL);
INSERT INTO realizaractividade VALUES ('2020-05-02 19:00:00.00',1,3,'sergioSocio',NULL);
INSERT INTO realizaractividade VALUES ('2020-05-02 19:10:00.00',1,4,'sergioSocio',NULL);
INSERT INTO realizaractividade VALUES ('2020-05-03 19:20:00.00',1,1,'sergioSocio',NULL);
INSERT INTO realizaractividade VALUES ('2020-05-03 19:30:00.00',1,2,'sergioSocio',NULL);
INSERT INTO realizaractividade VALUES ('2020-05-03 19:40:00.00',1,3,'sergioSocio',NULL);
INSERT INTO realizaractividade VALUES ('2020-05-03 19:50:00.00',1,4,'sergioSocio',NULL);
INSERT INTO realizaractividade VALUES ('2020-05-04 20:00:00.00',1,1,'sergioSocio',NULL);
INSERT INTO realizaractividade VALUES ('2020-05-04 20:10:00.00',1,2,'sergioSocio',NULL);
INSERT INTO realizaractividade VALUES ('2020-05-04 20:20:00.00',1,3,'sergioSocio',NULL);
INSERT INTO realizaractividade VALUES ('2020-05-04 20:30:00.00',1,4,'sergioSocio',NULL);
INSERT INTO realizaractividade VALUES ('2020-05-04 20:40:00.00',1,1,'sergioSocio',NULL);
INSERT INTO realizaractividade VALUES ('2020-05-05 20:50:00.00',1,2,'sergioSocio',NULL);
INSERT INTO realizaractividade VALUES ('2020-05-05 17:00:00.00',1,3,'sergioSocio',NULL);
INSERT INTO realizaractividade VALUES ('2020-05-05 17:10:00.00',1,4,'sergioSocio',NULL);
INSERT INTO realizaractividade VALUES ('2020-05-05 17:20:00.00',1,1,'sergioSocio',NULL);
INSERT INTO realizaractividade VALUES ('2020-05-05 17:30:00.00',1,2,'sergioSocio',NULL);
INSERT INTO realizaractividade VALUES ('2020-05-06 17:40:00.00',1,3,'sergioSocio',NULL);
INSERT INTO realizaractividade VALUES ('2020-05-06 17:50:00.00',1,4,'sergioSocio',NULL);

